-- MariaDB dump 10.19  Distrib 10.4.32-MariaDB, for Win64 (AMD64)
--
-- Host: localhost    Database: pm_archive_db
-- ------------------------------------------------------
-- Server version	10.4.32-MariaDB

/*!40101 SET @OLD_CHARACTER_SET_CLIENT=@@CHARACTER_SET_CLIENT */;
/*!40101 SET @OLD_CHARACTER_SET_RESULTS=@@CHARACTER_SET_RESULTS */;
/*!40101 SET @OLD_COLLATION_CONNECTION=@@COLLATION_CONNECTION */;
/*!40101 SET NAMES utf8mb4 */;
/*!40103 SET @OLD_TIME_ZONE=@@TIME_ZONE */;
/*!40103 SET TIME_ZONE='+00:00' */;
/*!40014 SET @OLD_UNIQUE_CHECKS=@@UNIQUE_CHECKS, UNIQUE_CHECKS=0 */;
/*!40014 SET @OLD_FOREIGN_KEY_CHECKS=@@FOREIGN_KEY_CHECKS, FOREIGN_KEY_CHECKS=0 */;
/*!40101 SET @OLD_SQL_MODE=@@SQL_MODE, SQL_MODE='NO_AUTO_VALUE_ON_ZERO' */;
/*!40111 SET @OLD_SQL_NOTES=@@SQL_NOTES, SQL_NOTES=0 */;

--
-- Current Database: `pm_archive_db`
--

CREATE DATABASE /*!32312 IF NOT EXISTS*/ `pm_archive_db` /*!40100 DEFAULT CHARACTER SET utf8mb4 COLLATE utf8mb4_unicode_ci */;

USE `pm_archive_db`;

--
-- Table structure for table `college_offices`
--

DROP TABLE IF EXISTS `college_offices`;
/*!40101 SET @saved_cs_client     = @@character_set_client */;
/*!40101 SET character_set_client = utf8 */;
CREATE TABLE `college_offices` (
  `id` bigint(20) unsigned NOT NULL AUTO_INCREMENT,
  `name` varchar(255) NOT NULL,
  `created_at` timestamp NULL DEFAULT NULL,
  `updated_at` timestamp NULL DEFAULT NULL,
  PRIMARY KEY (`id`),
  UNIQUE KEY `college_offices_name_unique` (`name`)
) ENGINE=InnoDB AUTO_INCREMENT=84 DEFAULT CHARSET=utf8mb4 COLLATE=utf8mb4_unicode_ci;
/*!40101 SET character_set_client = @saved_cs_client */;

--
-- Dumping data for table `college_offices`
--

LOCK TABLES `college_offices` WRITE;
/*!40000 ALTER TABLE `college_offices` DISABLE KEYS */;
INSERT INTO `college_offices` VALUES (1,'ACCOUNTING UNIT','2026-05-18 05:22:54','2026-05-18 05:22:54'),(2,'AGRI-HERITAGE-ECO (AHE) TOURISM OFFICE','2026-05-18 05:22:54','2026-05-18 05:22:54'),(3,'AGRICULTURAL EXPERIMENT CENTER','2026-05-18 05:22:54','2026-05-18 05:22:54'),(4,'BIDS AND AWARD COMMITTEE','2026-05-18 05:22:54','2026-05-18 05:22:54'),(5,'BUDGET OFFICE','2026-05-18 05:22:54','2026-05-18 05:22:54'),(6,'CAPABILITY BUILDING UNIT (CBU)-EXTENSION','2026-05-18 05:22:54','2026-05-18 05:22:54'),(7,'CARDEC@CMU','2026-05-18 05:22:54','2026-05-18 05:22:54'),(8,'CAS EXTENSION COORDINATOR','2026-05-18 05:22:54','2026-05-18 05:22:54'),(9,'CASHIER\'S UNIT','2026-05-18 05:22:54','2026-05-18 05:22:54'),(10,'CENTER FOR BIODIVERSITY RESEARCH AND EXTENSION IN MINDANAO (CEBREM)','2026-05-18 05:22:54','2026-05-18 05:22:54'),(11,'CENTER FOR GENDER AND DEVELOPMENT','2026-05-18 05:22:54','2026-05-18 05:22:54'),(12,'CENTRAL MINDANAO UNIVERSITY PRESS','2026-05-18 05:22:54','2026-05-18 05:22:54'),(13,'CMU JOURNAL OF SCIENCE','2026-05-18 05:22:54','2026-05-18 05:22:54'),(14,'CMU TOURISM','2026-05-18 05:22:54','2026-05-18 05:22:54'),(15,'COLLEGE OF AGRICULTURE','2026-05-18 05:22:54','2026-05-18 05:22:54'),(16,'COLLEGE OF ARTS AND SCIENCE','2026-05-18 05:22:54','2026-05-18 05:22:54'),(17,'COLLEGE OF BUSINESS AND MANAGEMENT','2026-05-18 05:22:54','2026-05-18 05:22:54'),(18,'COLLEGE OF EDUCATION','2026-05-18 05:22:54','2026-05-18 05:22:54'),(19,'COLLEGE OF ENGINEERING','2026-05-18 05:22:55','2026-05-18 05:22:55'),(20,'COLLEGE OF FORESTRY AND ENVIRONMENTAL SCIENCE','2026-05-18 05:22:55','2026-05-18 05:22:55'),(21,'COLLEGE OF HUMAN ECOLOGY','2026-05-18 05:22:55','2026-05-18 05:22:55'),(22,'COLLEGE OF NURSING','2026-05-18 05:22:55','2026-05-18 05:22:55'),(23,'COLLEGE OF VETERINARY MEDICINE','2026-05-18 05:22:55','2026-05-18 05:22:55'),(24,'COMMISSION OF AUDIT','2026-05-18 05:22:55','2026-05-18 05:22:55'),(25,'DATA PRIVACY OFFICE','2026-05-18 05:22:55','2026-05-18 05:22:55'),(26,'DISASTER RISK REDUCTION MANAGEMENT OFFICE','2026-05-18 05:22:55','2026-05-18 05:22:55'),(27,'DOST','2026-05-18 05:22:55','2026-05-18 05:22:55'),(28,'ENTERPRISE MANAGEMENT OFFICE (EMO)','2026-05-18 05:22:55','2026-05-18 05:22:55'),(29,'GENERAL SERVICES','2026-05-18 05:22:55','2026-05-18 05:22:55'),(30,'GUIDANCE COUNSELING CENTER','2026-05-18 05:22:55','2026-05-18 05:22:55'),(31,'HOSPITALITY SERVICES AND FOOD ENTERPRISE OFFICEUIGP','2026-05-18 05:22:55','2026-05-18 05:22:55'),(32,'HUMAN RESOURCE MANAGEMENT OFFICE','2026-05-18 05:22:55','2026-05-18 05:22:55'),(33,'INFORMATION AND COMMUNICATION UNIT (ICU)-EXTENSION','2026-05-18 05:22:55','2026-05-18 05:22:55'),(34,'INSTITUTE OF COMPUTER APPLICATION','2026-05-18 05:22:55','2026-05-18 05:22:55'),(35,'INTELLECTUAL PROPERTY AND TECHNOLOGY BUSINESS MANAGEMENT','2026-05-18 05:22:55','2026-05-18 05:22:55'),(36,'INTERNAL AUDIT SERVICE','2026-05-18 05:22:55','2026-05-18 05:22:55'),(37,'INTERNATIONAL RELATIONS OFFICE','2026-05-18 05:22:55','2026-05-18 05:22:55'),(38,'LEAD DOCUMENT CONTROLLER','2026-05-18 05:22:55','2026-05-18 05:22:55'),(39,'LEAD INTERNAL AUDITOR','2026-05-18 05:22:55','2026-05-18 05:22:55'),(40,'NATURAL PRODUCT RESEARCH AND DEVELOPMENT CENTER (NPRDC)','2026-05-18 05:22:55','2026-05-18 05:22:55'),(41,'NATURAL SCIENCE RESEARCH CENTER (NSRC)','2026-05-18 05:22:55','2026-05-18 05:22:55'),(42,'NORTHERN MINDANAO CONSORTIUM FOR AGRICULTURE AQUATIC AND NATURAL RESOURCES RESEARCH AND DEVELOPMENT (NOMCAARRD)','2026-05-18 05:22:55','2026-05-18 05:22:55'),(43,'OFFICE OF ADMINISTRATIVE SERVICES','2026-05-18 05:22:55','2026-05-18 05:22:55'),(44,'OFFICE OF ADMISSIONS SCHOLARSHIPS AND PLACEMENT','2026-05-18 05:22:55','2026-05-18 05:22:55'),(45,'OFFICE OF ALUMNI RELATIONS AND LINKAGES','2026-05-18 05:22:55','2026-05-18 05:22:55'),(46,'OFFICE OF DIGITAL TRANSFORMATION','2026-05-18 05:22:55','2026-05-18 05:22:55'),(47,'OFFICE OF FINANCIAL MANAGEMENT SERVICE (OFMS)','2026-05-18 05:22:55','2026-05-18 05:22:55'),(48,'OFFICE OF HEALTH SERVICES','2026-05-18 05:22:55','2026-05-18 05:22:55'),(49,'OFFICE OF INSPECTORATE TEAM FOR SUPPLIES AND MATERIALS','2026-05-18 05:22:55','2026-05-18 05:22:55'),(50,'OFFICE OF STUDENT AFFAIRS','2026-05-18 05:22:55','2026-05-18 05:22:55'),(51,'OFFICE OF THE BRANDING','2026-05-18 05:22:55','2026-05-18 05:22:55'),(52,'OFFICE OF THE DIRECTOR OF INSTRUCTION (DOI)','2026-05-18 05:22:55','2026-05-18 05:22:55'),(53,'OFFICE OF THE NATIONAL SERVICE TRAINING PROGRAM (NSTP)','2026-05-18 05:22:55','2026-05-18 05:22:55'),(54,'OFFICE OF THE PRESIDENT','2026-05-18 05:22:55','2026-05-18 05:22:55'),(55,'OFFICE OF THE UNIVERSITY REGISTRAR (OUR)','2026-05-18 05:22:55','2026-05-18 05:22:55'),(56,'OFFICE OF THE VICE PRESIDENT FOR RESOURCE GENERATION AND MANAGEMENT OFFICE (VPRGMO)','2026-05-18 05:22:55','2026-05-18 05:22:55'),(57,'OFFICE OF THE VICE-PRESIDENT FOR ADMINISTRATION (VPA)','2026-05-18 05:22:55','2026-05-18 05:22:55'),(58,'OFFICE OF THE VICE-PRESIDENT FOR RESEARCH DEVELOPMENT AND EXTENSION (VPRDE)','2026-05-18 05:22:55','2026-05-18 05:22:55'),(59,'OFFICE OF THE VICE-PRESIDENT FOR THE ACADEMIC AFFAIRS (VPAA)','2026-05-18 05:22:55','2026-05-18 05:22:55'),(60,'PHYSICAL EDUCATION DEPARTMENT','2026-05-18 05:22:55','2026-05-18 05:22:55'),(61,'PROJECT IMPLEMENTING UNIT','2026-05-18 05:22:55','2026-05-18 05:22:55'),(62,'PUBLIC RELATIONS AND INFORMATION OFFICE','2026-05-18 05:22:55','2026-05-18 05:22:55'),(63,'QUACQUARELLI SAYMONDS','2026-05-18 05:22:55','2026-05-18 05:22:55'),(64,'QUALITY ASSURANCE','2026-05-18 05:22:55','2026-05-18 05:22:55'),(65,'RECORDS MANAGEMENT UNIT (RMU)','2026-05-18 05:22:55','2026-05-18 05:22:55'),(66,'RESEARCH OFFICE','2026-05-18 05:22:55','2026-05-18 05:22:55'),(67,'RESOURCE GENERATION AND MANAGEMENT OFFICE (RGMO)','2026-05-18 05:22:55','2026-05-18 05:22:55'),(68,'SECURITY SERVICES UNIT','2026-05-18 05:22:55','2026-05-18 05:22:55'),(69,'SOCIO-CULTURAL','2026-05-18 05:22:55','2026-05-18 05:22:55'),(70,'SPECIAL MAINTENANCE AND BEAUTIFICATION COMMITTEE (SMBC)','2026-05-18 05:22:55','2026-05-18 05:22:55'),(71,'SUPPLY AND PROPERTY MANAGEMENT UNIT','2026-05-18 05:22:55','2026-05-18 05:22:55'),(72,'TECHNO DEMO SERVICES UNIT','2026-05-18 05:22:55','2026-05-18 05:22:55'),(73,'UNIVERSITY CENTER FOR GENDER AND DEVELOPMENT','2026-05-18 05:22:55','2026-05-18 05:22:55'),(74,'UNIVERSITY EXTENSION OFFICE','2026-05-18 05:22:55','2026-05-18 05:22:55'),(75,'UNIVERSITY HOMESTAY','2026-05-18 05:22:55','2026-05-18 05:22:55'),(76,'UNIVERSITY HOSPITAL','2026-05-18 05:22:55','2026-05-18 05:22:55'),(77,'UNIVERSITY LABORATORY HIGH SCHOOL','2026-05-18 05:22:55','2026-05-18 05:22:55'),(78,'UNIVERSITY LIBRARY','2026-05-18 05:22:55','2026-05-18 05:22:55'),(79,'UNIVERSITY PLANNING AND DEVELOPMENT OFFICE','2026-05-18 05:22:55','2026-05-18 05:22:55'),(80,'VALUE ENGINEERING AND VALUE ANALYSIS COMMITTEE','2026-05-18 05:22:55','2026-05-18 05:22:55'),(81,'COLLEGE OF INFORMATION SCIENCES AND COMPUTING','2026-05-26 01:23:27','2026-05-26 01:23:27'),(83,'COLLEGE OF LAW','2026-05-27 02:14:31','2026-05-27 02:14:31');
/*!40000 ALTER TABLE `college_offices` ENABLE KEYS */;
UNLOCK TABLES;

--
-- Table structure for table `departments`
--

DROP TABLE IF EXISTS `departments`;
/*!40101 SET @saved_cs_client     = @@character_set_client */;
/*!40101 SET character_set_client = utf8 */;
CREATE TABLE `departments` (
  `id` bigint(20) unsigned NOT NULL AUTO_INCREMENT,
  `college_office_id` bigint(20) unsigned NOT NULL,
  `name` varchar(255) NOT NULL,
  `created_at` timestamp NULL DEFAULT NULL,
  `updated_at` timestamp NULL DEFAULT NULL,
  PRIMARY KEY (`id`),
  UNIQUE KEY `departments_office_name_unique` (`college_office_id`,`name`),
  CONSTRAINT `departments_college_office_id_foreign` FOREIGN KEY (`college_office_id`) REFERENCES `college_offices` (`id`) ON DELETE CASCADE
) ENGINE=InnoDB AUTO_INCREMENT=180 DEFAULT CHARSET=utf8mb4 COLLATE=utf8mb4_unicode_ci;
/*!40101 SET character_set_client = @saved_cs_client */;

--
-- Dumping data for table `departments`
--

LOCK TABLES `departments` WRITE;
/*!40000 ALTER TABLE `departments` DISABLE KEYS */;
INSERT INTO `departments` VALUES (1,1,'MAIN','2026-05-18 05:22:54','2026-05-18 05:22:54'),(2,2,'MAIN','2026-05-18 05:22:54','2026-05-18 05:22:54'),(3,3,'MAIN','2026-05-18 05:22:54','2026-05-18 05:22:54'),(4,3,'MAT NCT RICE','2026-05-18 05:22:54','2026-05-18 05:22:54'),(5,4,'MAIN','2026-05-18 05:22:54','2026-05-18 05:22:54'),(6,5,'ACCOUNT 1','2026-05-18 05:22:54','2026-05-18 05:22:54'),(7,5,'GENERAL FUND','2026-05-18 05:22:54','2026-05-18 05:22:54'),(8,5,'HEAD','2026-05-18 05:22:54','2026-05-18 05:22:54'),(9,5,'HOMESTAY','2026-05-18 05:22:54','2026-05-18 05:22:54'),(10,5,'MAIN','2026-05-18 05:22:54','2026-05-18 05:22:54'),(11,5,'RGMO','2026-05-18 05:22:54','2026-05-18 05:22:54'),(12,5,'STF','2026-05-18 05:22:54','2026-05-18 05:22:54'),(13,6,'MAIN','2026-05-18 05:22:54','2026-05-18 05:22:54'),(14,7,'MAIN','2026-05-18 05:22:54','2026-05-18 05:22:54'),(15,8,'MAIN','2026-05-18 05:22:54','2026-05-18 05:22:54'),(16,9,'MAIN','2026-05-18 05:22:54','2026-05-18 05:22:54'),(17,10,'CHED-DARE-TO-MARILOG','2026-05-18 05:22:54','2026-05-18 05:22:54'),(18,10,'DEPARTMENT OF AGRICULTURE (DA) - BUREAU OF AGRICULTURAL RESEARCH (BAR)','2026-05-18 05:22:54','2026-05-18 05:22:54'),(19,10,'DEPARTMENT OF SCIENCE AND TECHNOLOGY (DOST) - GRANT IN AID (GIA)','2026-05-18 05:22:54','2026-05-18 05:22:54'),(20,10,'DEPARTMENT OF SCIENCE AND TECHNOLOGY (DOST) - NATIONAL RESEARCH COUNCIL OF THE PHILIPPINES (NRCP)','2026-05-18 05:22:54','2026-05-18 05:22:54'),(21,10,'MAIN','2026-05-18 05:22:54','2026-05-18 05:22:54'),(22,11,'MAIN','2026-05-18 05:22:54','2026-05-18 05:22:54'),(23,12,'MAIN','2026-05-18 05:22:54','2026-05-18 05:22:54'),(24,13,'MAIN','2026-05-18 05:22:54','2026-05-18 05:22:54'),(25,14,'MAIN','2026-05-18 05:22:54','2026-05-18 05:22:54'),(26,15,'AGRIBUSINESS MANAGEMENT DEPARMENT','2026-05-18 05:22:54','2026-05-18 05:22:54'),(27,15,'AGRICULTURAL ECONOMICS DEPARTMENT','2026-05-18 05:22:54','2026-05-18 05:22:54'),(28,15,'AGRICULTURAL EDUCATION EXTENSION','2026-05-18 05:22:54','2026-05-18 05:22:54'),(29,15,'AGRICULTURAL EDUCATION EXTENSION - PROJECT CLIMB','2026-05-18 05:22:54','2026-05-18 05:22:54'),(30,15,'ANIMAL SCIENCE - PCAARRD - DAIRY CATTLE PROJECT','2026-05-18 05:22:54','2026-05-18 05:22:54'),(31,15,'ANIMAL SCIENCE - PCAARRD - HALAL GOAT','2026-05-18 05:22:54','2026-05-18 05:22:54'),(32,15,'ANIMAL SCIENCE - SWINE SEMEN AND A.I. LABORATORY','2026-05-18 05:22:54','2026-05-18 05:22:54'),(33,15,'ANIMAL SCIENCE DEPARTMENT','2026-05-18 05:22:54','2026-05-18 05:22:54'),(34,15,'DEAN','2026-05-18 05:22:54','2026-05-18 05:22:54'),(35,15,'DEPARTMENT OF AGRONOMY AND PLANTBREEDING','2026-05-18 05:22:54','2026-05-18 05:22:54'),(36,15,'DEPARTMENT OF HORTICULTURE','2026-05-18 05:22:54','2026-05-18 05:22:54'),(37,15,'DEPARTMENT OF SOIL SCIENCE','2026-05-18 05:22:54','2026-05-18 05:22:54'),(38,15,'DEVELOPMENT COMMUNICATION DEPARTMENT','2026-05-18 05:22:54','2026-05-18 05:22:54'),(39,15,'ENTOMOLOGY DEPARTMENT','2026-05-18 05:22:54','2026-05-18 05:22:54'),(40,15,'MAIN','2026-05-18 05:22:54','2026-05-18 05:22:54'),(41,15,'PLANT PATHOLOGY DEPARTMENT','2026-05-18 05:22:54','2026-05-18 05:22:54'),(42,15,'READING ROOM','2026-05-18 05:22:54','2026-05-18 05:22:54'),(43,15,'REGISTRAR OFFICE','2026-05-18 05:22:54','2026-05-18 05:22:54'),(44,15,'SARAI','2026-05-18 05:22:54','2026-05-18 05:22:54'),(45,15,'STOREKEEPERS OFFICE','2026-05-18 05:22:54','2026-05-18 05:22:54'),(46,15,'SWINE SEMEN PROCESSING AND ARTIFICIAL INSEMINATION CENTER','2026-05-18 05:22:54','2026-05-18 05:22:54'),(47,15,'TISSUE CULTURE LABORATORY','2026-05-18 05:22:54','2026-05-18 05:22:54'),(48,16,'BEHAVIORAL SCIENCE DEPARTMENT','2026-05-18 05:22:54','2026-05-18 05:22:54'),(49,16,'BIOLOGY DEPARTMENT','2026-05-18 05:22:54','2026-05-18 05:22:54'),(50,16,'CHEMISTRY DEPARTMENT','2026-05-18 05:22:54','2026-05-18 05:22:54'),(51,16,'DEPARTMENT OF LANGUAGES AND LITERATURE','2026-05-18 05:22:54','2026-05-18 05:22:54'),(52,16,'MAIN','2026-05-18 05:22:54','2026-05-18 05:22:54'),(53,16,'MATH DEPARTMENT','2026-05-18 05:22:54','2026-05-18 05:22:54'),(54,16,'PHYSICS DEPARTMENT','2026-05-18 05:22:54','2026-05-18 05:22:54'),(55,16,'RESEARCH COMMITTEE','2026-05-18 05:22:54','2026-05-18 05:22:54'),(56,16,'SOCIAL SCIENCE DEPARTMENT','2026-05-18 05:22:54','2026-05-18 05:22:54'),(57,17,'ACCOUNTANCY DEPARTMENT','2026-05-18 05:22:54','2026-05-18 05:22:54'),(58,17,'BUSINESS ADMINITRATION DEPARTMENT','2026-05-18 05:22:54','2026-05-18 05:22:54'),(59,17,'DEPARTMENT OF ACCOUNTANCY','2026-05-18 05:22:54','2026-05-18 05:22:54'),(60,17,'MAIN','2026-05-18 05:22:54','2026-05-18 05:22:54'),(61,17,'OFFICE ADMINISTRATION DEPARTMENT','2026-05-18 05:22:54','2026-05-18 05:22:54'),(62,18,'COLLEGE SECRETARY','2026-05-18 05:22:54','2026-05-18 05:22:54'),(63,18,'LANGUAGE EDUCATION','2026-05-18 05:22:54','2026-05-18 05:22:54'),(64,18,'MAIN','2026-05-18 05:22:54','2026-05-18 05:22:54'),(65,18,'PROFESSIONAL EDUCATION','2026-05-18 05:22:54','2026-05-18 05:22:54'),(66,18,'SCIENCE EDUCATION DEPARTMENT','2026-05-18 05:22:54','2026-05-18 05:22:54'),(67,18,'SENIOR HIGH SCHOOL','2026-05-18 05:22:54','2026-05-18 05:22:54'),(68,18,'SUPPLY OFFICE','2026-05-18 05:22:54','2026-05-18 05:22:54'),(69,19,'AGRICULTURAL AND BIOSYSTEMS ENGINEERING DEPARTMENT','2026-05-18 05:22:55','2026-05-18 05:22:55'),(70,19,'CIVIL ENGINEERING DEPARTMENT','2026-05-18 05:22:55','2026-05-18 05:22:55'),(71,19,'DEAN','2026-05-18 05:22:55','2026-05-18 05:22:55'),(72,19,'EF 0070','2026-05-18 05:22:55','2026-05-18 05:22:55'),(73,19,'ELECTRICAL ENGINEERING DEPARTMENT','2026-05-18 05:22:55','2026-05-18 05:22:55'),(74,19,'MAIN','2026-05-18 05:22:55','2026-05-18 05:22:55'),(75,19,'MECHANICAL ENGINEERING','2026-05-18 05:22:55','2026-05-18 05:22:55'),(76,20,'ADMIN','2026-05-18 05:22:55','2026-05-18 05:22:55'),(77,20,'BAMBOO NICER','2026-05-18 05:22:55','2026-05-18 05:22:55'),(78,20,'BAMBOO PROJECT','2026-05-18 05:22:55','2026-05-18 05:22:55'),(79,20,'CHED-NAFES FALCATA','2026-05-18 05:22:55','2026-05-18 05:22:55'),(80,20,'CONSERVATION AND MASS PRODUCTION AT HIGH - YIELDING FALCATA SEED SOURCES IN MINDANAO RESEARCH','2026-05-18 05:22:55','2026-05-18 05:22:55'),(81,20,'FOREST BIOLOGICAL SCIENCE','2026-05-18 05:22:55','2026-05-18 05:22:55'),(82,20,'GEOSAFER','2026-05-18 05:22:55','2026-05-18 05:22:55'),(83,20,'IPDM','2026-05-18 05:22:55','2026-05-18 05:22:55'),(84,20,'MAIN','2026-05-18 05:22:55','2026-05-18 05:22:55'),(85,21,'COLLEGE REGISTRAR','2026-05-18 05:22:55','2026-05-18 05:22:55'),(86,21,'FOOD RESEARCH AND DEVELOPMENT (FRDC)','2026-05-18 05:22:55','2026-05-18 05:22:55'),(87,21,'FOOD SCIENCE','2026-05-18 05:22:55','2026-05-18 05:22:55'),(88,21,'HOME ECONOMICS EDUCATION AND FAMILY LIFE','2026-05-18 05:22:55','2026-05-18 05:22:55'),(89,21,'HOSPITAL MANAGEMENT','2026-05-18 05:22:55','2026-05-18 05:22:55'),(90,21,'MAIN','2026-05-18 05:22:55','2026-05-18 05:22:55'),(91,21,'NUTRITION AND DIETETICS','2026-05-18 05:22:55','2026-05-18 05:22:55'),(92,21,'TESDA','2026-05-18 05:22:55','2026-05-18 05:22:55'),(93,22,'MAIN','2026-05-18 05:22:55','2026-05-18 05:22:55'),(94,22,'MARAWI SIEGE - PCHRD - DOST FUND','2026-05-18 05:22:55','2026-05-18 05:22:55'),(95,23,'COLLEGE REGISTRAR','2026-05-18 05:22:55','2026-05-18 05:22:55'),(96,23,'DEAN','2026-05-18 05:22:55','2026-05-18 05:22:55'),(97,23,'DEPARTMENT OF ANATOMY PHYSIOLOGY AND PHARMACOLOGY','2026-05-18 05:22:55','2026-05-18 05:22:55'),(98,23,'DEPARTMENT OF MEDICINE SURGERY AND ZOOTECHNICS','2026-05-18 05:22:55','2026-05-18 05:22:55'),(99,23,'DEPARTMENT OF MICROBIOLOGY PATHOLOGY PARASITOLOGY AND PUBLIC HEALTH','2026-05-18 05:22:55','2026-05-18 05:22:55'),(100,23,'MAIN','2026-05-18 05:22:55','2026-05-18 05:22:55'),(101,23,'PROJECT HALAL','2026-05-18 05:22:55','2026-05-18 05:22:55'),(102,23,'VIRAL DISEASE PROJECT','2026-05-18 05:22:55','2026-05-18 05:22:55'),(103,24,'MAIN','2026-05-18 05:22:55','2026-05-18 05:22:55'),(104,25,'MAIN','2026-05-18 05:22:55','2026-05-18 05:22:55'),(105,26,'MAIN','2026-05-18 05:22:55','2026-05-18 05:22:55'),(106,27,'CMU AGRI - AQUA TECHNOLOGY BUSINESS INCUBATOR PROJECT','2026-05-18 05:22:55','2026-05-18 05:22:55'),(107,28,'MAIN','2026-05-18 05:22:55','2026-05-18 05:22:55'),(108,29,'MAIN','2026-05-18 05:22:55','2026-05-18 05:22:55'),(109,30,'MAIN','2026-05-18 05:22:55','2026-05-18 05:22:55'),(110,31,'MAIN','2026-05-18 05:22:55','2026-05-18 05:22:55'),(111,32,'BENEFITS','2026-05-18 05:22:55','2026-05-18 05:22:55'),(112,32,'LEARNING AND DEVELOPMENT','2026-05-18 05:22:55','2026-05-18 05:22:55'),(113,32,'LEAVE','2026-05-18 05:22:55','2026-05-18 05:22:55'),(114,32,'MAIN','2026-05-18 05:22:55','2026-05-18 05:22:55'),(115,32,'RECRUITMENT','2026-05-18 05:22:55','2026-05-18 05:22:55'),(116,33,'MAIN','2026-05-18 05:22:55','2026-05-18 05:22:55'),(117,34,'MAIN','2026-05-18 05:22:55','2026-05-18 05:22:55'),(118,35,'MAIN','2026-05-18 05:22:55','2026-05-18 05:22:55'),(119,36,'MAIN','2026-05-18 05:22:55','2026-05-18 05:22:55'),(120,37,'MAIN','2026-05-18 05:22:55','2026-05-18 05:22:55'),(121,38,'MAIN','2026-05-18 05:22:55','2026-05-18 05:22:55'),(122,39,'MAIN','2026-05-18 05:22:55','2026-05-18 05:22:55'),(123,40,'MAIN','2026-05-18 05:22:55','2026-05-18 05:22:55'),(124,41,'MAIN','2026-05-18 05:22:55','2026-05-18 05:22:55'),(125,41,'TUKLAS LUNAS DEVELOPMENT CENTER - PROJECT 1','2026-05-18 05:22:55','2026-05-18 05:22:55'),(126,41,'TUKLAS LUNAS DEVELOPMENT CENTER - PROJECT 2','2026-05-18 05:22:55','2026-05-18 05:22:55'),(127,41,'TUKLAS LUNAS DEVELOPMENT CENTER - PROJECT 3','2026-05-18 05:22:55','2026-05-18 05:22:55'),(128,41,'TUKLAS LUNAS DEVELOPMENT CENTER - PROJECT 4','2026-05-18 05:22:55','2026-05-18 05:22:55'),(129,41,'TUKLAS LUNAS DEVELOPMENT CENTER - PROJECT 5','2026-05-18 05:22:55','2026-05-18 05:22:55'),(130,42,'MAIN','2026-05-18 05:22:55','2026-05-18 05:22:55'),(131,43,'MAIN','2026-05-18 05:22:55','2026-05-18 05:22:55'),(132,44,'MAIN','2026-05-18 05:22:55','2026-05-18 05:22:55'),(133,45,'MAIN','2026-05-18 05:22:55','2026-05-18 05:22:55'),(134,46,'MAIN','2026-05-18 05:22:55','2026-05-18 05:22:55'),(135,47,'MAIN','2026-05-18 05:22:55','2026-05-18 05:22:55'),(136,48,'MAIN','2026-05-18 05:22:55','2026-05-18 05:22:55'),(137,49,'MAIN','2026-05-18 05:22:55','2026-05-18 05:22:55'),(138,50,'MAIN','2026-05-18 05:22:55','2026-05-18 05:22:55'),(139,51,'MAIN','2026-05-18 05:22:55','2026-05-18 05:22:55'),(140,52,'MAIN','2026-05-18 05:22:55','2026-05-18 05:22:55'),(141,53,'MAIN','2026-05-18 05:22:55','2026-05-18 05:22:55'),(142,54,'LEGAL OFFICE','2026-05-18 05:22:55','2026-05-18 05:22:55'),(143,54,'MAIN','2026-05-18 05:22:55','2026-05-18 05:22:55'),(144,54,'UNIVERSITY BOARD AND SECRETARY','2026-05-18 05:22:55','2026-05-18 05:22:55'),(145,54,'UNIVERSITY HOUSING COMMITTEE','2026-05-18 05:22:55','2026-05-18 05:22:55'),(146,55,'MAIN','2026-05-18 05:22:55','2026-05-18 05:22:55'),(147,56,'MAIN','2026-05-18 05:22:55','2026-05-18 05:22:55'),(148,57,'MAIN','2026-05-18 05:22:55','2026-05-18 05:22:55'),(149,58,'MAIN','2026-05-18 05:22:55','2026-05-18 05:22:55'),(150,59,'MAIN','2026-05-18 05:22:55','2026-05-18 05:22:55'),(151,60,'MAIN','2026-05-18 05:22:55','2026-05-18 05:22:55'),(152,61,'MAIN','2026-05-18 05:22:55','2026-05-18 05:22:55'),(153,62,'MAIN','2026-05-18 05:22:55','2026-05-18 05:22:55'),(154,63,'MAIN','2026-05-18 05:22:55','2026-05-18 05:22:55'),(155,64,'MAIN','2026-05-18 05:22:55','2026-05-18 05:22:55'),(156,65,'MAIN','2026-05-18 05:22:55','2026-05-18 05:22:55'),(157,66,'MAIN','2026-05-18 05:22:55','2026-05-18 05:22:55'),(158,67,'CROPS','2026-05-18 05:22:55','2026-05-18 05:22:55'),(159,67,'FOREST RESOURCE ENTERPRISE OFFICE (FREO)','2026-05-18 05:22:55','2026-05-18 05:22:55'),(160,67,'LIVESTOCK','2026-05-18 05:22:55','2026-05-18 05:22:55'),(161,67,'MAIN','2026-05-18 05:22:55','2026-05-18 05:22:55'),(162,67,'RUBBER','2026-05-18 05:22:55','2026-05-18 05:22:55'),(163,67,'SUPPLY AND MATERIALS','2026-05-18 05:22:55','2026-05-18 05:22:55'),(164,67,'SUPPORT SERVICES','2026-05-18 05:22:55','2026-05-18 05:22:55'),(165,68,'MAIN','2026-05-18 05:22:55','2026-05-18 05:22:55'),(166,69,'MAIN','2026-05-18 05:22:55','2026-05-18 05:22:55'),(167,70,'MAIN','2026-05-18 05:22:55','2026-05-18 05:22:55'),(168,71,'MAIN','2026-05-18 05:22:55','2026-05-18 05:22:55'),(169,72,'MAIN','2026-05-18 05:22:55','2026-05-18 05:22:55'),(170,73,'MAIN','2026-05-18 05:22:55','2026-05-18 05:22:55'),(171,74,'MAIN','2026-05-18 05:22:55','2026-05-18 05:22:55'),(172,75,'MAIN','2026-05-18 05:22:55','2026-05-18 05:22:55'),(173,76,'MAIN','2026-05-18 05:22:55','2026-05-18 05:22:55'),(174,77,'MAIN','2026-05-18 05:22:55','2026-05-18 05:22:55'),(175,78,'MAIN','2026-05-18 05:22:55','2026-05-18 05:22:55'),(176,79,'MAIN','2026-05-18 05:22:55','2026-05-18 05:22:55'),(177,80,'MAIN','2026-05-18 05:22:55','2026-05-18 05:22:55'),(178,81,'Information Technology','2026-05-26 01:23:27','2026-05-26 01:23:27'),(179,83,'MAIN','2026-05-27 02:14:47','2026-05-27 02:14:47');
/*!40000 ALTER TABLE `departments` ENABLE KEYS */;
UNLOCK TABLES;

--
-- Table structure for table `equipment`
--

DROP TABLE IF EXISTS `equipment`;
/*!40101 SET @saved_cs_client     = @@character_set_client */;
/*!40101 SET character_set_client = utf8 */;
CREATE TABLE `equipment` (
  `id` bigint(20) unsigned NOT NULL AUTO_INCREMENT,
  `name` varchar(255) NOT NULL,
  `description` text DEFAULT NULL,
  `enabled` tinyint(1) NOT NULL DEFAULT 1,
  `sort_order` int(11) NOT NULL DEFAULT 0,
  `created_at` timestamp NULL DEFAULT NULL,
  `updated_at` timestamp NULL DEFAULT NULL,
  PRIMARY KEY (`id`),
  UNIQUE KEY `equipment_name_unique` (`name`)
) ENGINE=InnoDB AUTO_INCREMENT=8 DEFAULT CHARSET=utf8mb4 COLLATE=utf8mb4_unicode_ci;
/*!40101 SET character_set_client = @saved_cs_client */;

--
-- Dumping data for table `equipment`
--

LOCK TABLES `equipment` WRITE;
/*!40000 ALTER TABLE `equipment` DISABLE KEYS */;
INSERT INTO `equipment` VALUES (1,'CPU',NULL,1,1,'2026-04-20 14:47:30','2026-04-20 14:47:30'),(2,'KEYBOARD',NULL,1,2,'2026-04-20 14:47:30','2026-04-20 14:47:30'),(3,'MONITOR',NULL,1,3,'2026-04-20 14:47:30','2026-04-20 14:47:30'),(4,'MOUSE',NULL,1,4,'2026-04-20 14:47:30','2026-04-20 14:47:30'),(5,'PRINTER',NULL,1,5,'2026-04-20 14:47:30','2026-04-20 14:47:30'),(6,'UPS',NULL,1,6,'2026-04-20 14:47:30','2026-04-20 14:47:30'),(7,'AVR',NULL,1,7,'2026-04-20 14:47:30','2026-04-20 14:47:30');
/*!40000 ALTER TABLE `equipment` ENABLE KEYS */;
UNLOCK TABLES;

--
-- Table structure for table `ip_phone_item_checklist_items`
--

DROP TABLE IF EXISTS `ip_phone_item_checklist_items`;
/*!40101 SET @saved_cs_client     = @@character_set_client */;
/*!40101 SET character_set_client = utf8 */;
CREATE TABLE `ip_phone_item_checklist_items` (
  `id` bigint(20) unsigned NOT NULL AUTO_INCREMENT,
  `item_no` int(11) NOT NULL,
  `task` varchar(255) NOT NULL,
  `description` text NOT NULL,
  `enabled` tinyint(1) NOT NULL DEFAULT 1,
  `sort_order` int(11) NOT NULL DEFAULT 0,
  `created_at` timestamp NULL DEFAULT NULL,
  `updated_at` timestamp NULL DEFAULT NULL,
  PRIMARY KEY (`id`),
  KEY `ip_phone_item_checklist_items_enabled_sort_idx` (`enabled`,`item_no`,`sort_order`)
) ENGINE=InnoDB AUTO_INCREMENT=15 DEFAULT CHARSET=utf8mb4 COLLATE=utf8mb4_unicode_ci;
/*!40101 SET character_set_client = @saved_cs_client */;

--
-- Dumping data for table `ip_phone_item_checklist_items`
--

LOCK TABLES `ip_phone_item_checklist_items` WRITE;
/*!40000 ALTER TABLE `ip_phone_item_checklist_items` DISABLE KEYS */;
INSERT INTO `ip_phone_item_checklist_items` VALUES (1,1,'Hardware','IP phone is configured properly',1,0,'2026-04-20 14:50:40','2026-04-20 14:50:40'),(2,1,'Hardware','IP phone free dust and dirt',1,1,'2026-04-20 14:50:40','2026-04-20 14:50:40'),(3,1,'Hardware','Are all buttons functional',1,2,'2026-04-20 14:50:40','2026-04-20 14:50:40'),(4,1,'Hardware','No loose parts',1,3,'2026-04-20 14:50:40','2026-04-20 14:50:40'),(5,1,'Hardware','Properly mounted on the wall',1,4,'2026-04-20 14:50:40','2026-04-20 14:50:40'),(6,2,'Wire and Cables','No tear and wear',1,5,'2026-04-20 14:50:40','2026-04-20 14:50:40'),(7,2,'Wire and Cables','Properly installed',1,6,'2026-04-20 14:50:40','2026-04-20 14:50:40'),(8,2,'Wire and Cables','Well connected',1,7,'2026-04-20 14:50:40','2026-04-20 14:50:40'),(9,3,'Software/Firmware','It is updated',1,8,'2026-04-20 14:50:40','2026-04-20 14:50:40'),(10,3,'Software/Firmware','Free from free errors',1,9,'2026-04-20 14:50:40','2026-04-20 14:50:40'),(11,3,'Software/Firmware','Properly configured to its specification',1,10,'2026-04-20 14:50:40','2026-04-20 14:50:40'),(12,5,'Surge Protection','Power supply properly installed',1,11,'2026-04-20 14:50:40','2026-04-20 14:50:40'),(13,5,'Surge Protection','Free from dust and particulates',1,12,'2026-04-20 14:50:40','2026-04-20 14:50:40'),(14,5,'Surge Protection','Any wear and tear or exposed power cord',1,13,'2026-04-20 14:50:40','2026-04-20 14:50:40');
/*!40000 ALTER TABLE `ip_phone_item_checklist_items` ENABLE KEYS */;
UNLOCK TABLES;

--
-- Table structure for table `item_checklist_items`
--

DROP TABLE IF EXISTS `item_checklist_items`;
/*!40101 SET @saved_cs_client     = @@character_set_client */;
/*!40101 SET character_set_client = utf8 */;
CREATE TABLE `item_checklist_items` (
  `id` bigint(20) unsigned NOT NULL AUTO_INCREMENT,
  `checklist_type` varchar(20) NOT NULL DEFAULT 'pc',
  `item_no` int(11) NOT NULL,
  `task` varchar(255) NOT NULL,
  `description` text NOT NULL,
  `enabled` tinyint(1) NOT NULL DEFAULT 1,
  `sort_order` int(11) NOT NULL DEFAULT 0,
  `created_at` timestamp NULL DEFAULT NULL,
  `updated_at` timestamp NULL DEFAULT NULL,
  PRIMARY KEY (`id`),
  KEY `item_checklist_items_type_enabled_sort_idx` (`checklist_type`,`enabled`,`sort_order`)
) ENGINE=InnoDB AUTO_INCREMENT=153 DEFAULT CHARSET=utf8mb4 COLLATE=utf8mb4_unicode_ci;
/*!40101 SET character_set_client = @saved_cs_client */;

--
-- Dumping data for table `item_checklist_items`
--

LOCK TABLES `item_checklist_items` WRITE;
/*!40000 ALTER TABLE `item_checklist_items` DISABLE KEYS */;
INSERT INTO `item_checklist_items` VALUES (1,'pc',1,'SYSTEM BOOT','Boot system from a cold start. Monitor for errors and speed of entire boot process.',1,0,'2026-04-20 14:47:31','2026-04-20 14:47:31'),(2,'pc',2,'System Log-in','Monitor for errors, monitor log-in script',1,1,'2026-04-20 14:47:31','2026-04-20 14:47:31'),(3,'pc',3,'Network Settings','TCIP/IP or IPX settings are correct.',1,2,'2026-04-20 14:47:31','2026-04-20 14:47:31'),(4,'pc',3,'Network Settings','Domain Name',1,3,'2026-04-20 14:47:31','2026-04-20 14:47:31'),(5,'pc',3,'Network Settings','Security Settings',1,4,'2026-04-20 14:47:31','2026-04-20 14:47:31'),(6,'pc',3,'Network Settings','Client Configurations',1,5,'2026-04-20 14:47:31','2026-04-20 14:47:31'),(7,'pc',3,'Network Settings','Computer Name',1,6,'2026-04-20 14:47:31','2026-04-20 14:47:31'),(8,'pc',4,'Computer Hardware Settings','Verify device manager settings',1,7,'2026-04-20 14:47:31','2026-04-20 14:47:31'),(9,'pc',4,'Computer Hardware Settings','BOIS up-to-date',1,8,'2026-04-20 14:47:31','2026-04-20 14:47:31'),(10,'pc',4,'Computer Hardware Settings','Hard Disk',1,9,'2026-04-20 14:47:31','2026-04-20 14:47:31'),(11,'pc',4,'Computer Hardware Settings','DVD, CD/RW drive firmware up-to-date',1,10,'2026-04-20 14:47:31','2026-04-20 14:47:31'),(12,'pc',4,'Computer Hardware Settings','Memory is OK',1,11,'2026-04-20 14:47:31','2026-04-20 14:47:31'),(13,'pc',4,'Computer Hardware Settings','Laptop: battery run time is normal',1,12,'2026-04-20 14:47:31','2026-04-20 14:47:31'),(14,'pc',5,'Browser/Proxy Settings','Verify proper settings and operation',1,13,'2026-04-20 14:47:31','2026-04-20 14:47:31'),(15,'pc',6,'Proper Software loads','Required software is installed and operating',1,14,'2026-04-20 14:47:31','2026-04-20 14:47:31'),(16,'pc',7,'Viruses and Malware','Anti-Virus installed',1,15,'2026-04-20 14:47:31','2026-04-20 14:47:31'),(17,'pc',7,'Viruses and Malware','Virus scan done',1,16,'2026-04-20 14:47:31','2026-04-20 14:47:31'),(18,'pc',8,'Clearance','Unused software remove',1,17,'2026-04-20 14:47:31','2026-04-20 14:47:31'),(19,'pc',8,'Clearance','Temporary files remove',1,18,'2026-04-20 14:47:31','2026-04-20 14:47:31'),(20,'pc',8,'Clearance','Recycle Bin and Caches emptied',1,19,'2026-04-20 14:47:31','2026-04-20 14:47:31'),(21,'pc',8,'Clearance','Periphery devices clean',1,20,'2026-04-20 14:47:31','2026-04-20 14:47:31'),(22,'pc',9,'Interiors and cleaning','Dust remove',1,21,'2026-04-20 14:47:31','2026-04-20 14:47:31'),(23,'pc',9,'Interiors and cleaning','No loose parts',1,22,'2026-04-20 14:47:31','2026-04-20 14:47:31'),(24,'pc',9,'Interiors and cleaning','Airflow is OK',1,23,'2026-04-20 14:47:31','2026-04-20 14:47:31'),(25,'pc',9,'Interiors and cleaning','Cables unplugged and re-plugged',1,24,'2026-04-20 14:47:31','2026-04-20 14:47:31'),(26,'pc',9,'Interiors and cleaning','Fans are operating',1,25,'2026-04-20 14:47:31','2026-04-20 14:47:31'),(27,'pc',10,'Peripheral devices','Mouse',1,26,'2026-04-20 14:47:31','2026-04-20 14:47:31'),(28,'pc',10,'Peripheral devices','Keyboard',1,27,'2026-04-20 14:47:31','2026-04-20 14:47:31'),(29,'pc',10,'Peripheral devices','Monitor',1,28,'2026-04-20 14:47:31','2026-04-20 14:47:31'),(30,'pc',10,'Peripheral devices','UPS',1,29,'2026-04-20 14:47:31','2026-04-20 14:47:31'),(31,'pc',10,'Peripheral devices','Printer',1,30,'2026-04-20 14:47:31','2026-04-20 14:47:31'),(32,'pc',10,'Peripheral devices','Telephone Extension',1,31,'2026-04-20 14:47:31','2026-04-20 14:47:31'),(33,'pc',10,'Peripheral devices','Fax',1,32,'2026-04-20 14:47:31','2026-04-20 14:47:31'),(34,'server',1,'Data, Software and System checks','Check backups are working',1,0,'2026-04-20 14:47:31','2026-04-20 14:47:31'),(35,'server',1,'Data, Software and System checks','Check and update OS',1,1,'2026-04-20 14:47:31','2026-04-20 14:47:31'),(36,'server',1,'Data, Software and System checks','Update your control panel',1,2,'2026-04-20 14:47:31','2026-04-20 14:47:31'),(37,'server',1,'Data, Software and System checks','Check and update applications',1,3,'2026-04-20 14:47:31','2026-04-20 14:47:31'),(38,'server',1,'Data, Software and System checks','Check remote management tools',1,4,'2026-04-20 14:47:31','2026-04-20 14:47:31'),(39,'server',1,'Data, Software and System checks','Remote console',1,5,'2026-04-20 14:47:31','2026-04-20 14:47:31'),(40,'server',1,'Data, Software and System checks','Remote reboot',1,6,'2026-04-20 14:47:31','2026-04-20 14:47:31'),(41,'server',1,'Data, Software and System checks','Rescue mode',1,7,'2026-04-20 14:47:31','2026-04-20 14:47:31'),(42,'server',1,'Data, Software and System checks','Check server usage',1,8,'2026-04-20 14:47:31','2026-04-20 14:47:31'),(43,'server',1,'Data, Software and System checks','Disk',1,9,'2026-04-20 14:47:31','2026-04-20 14:47:31'),(44,'server',1,'Data, Software and System checks','CPU',1,10,'2026-04-20 14:47:31','2026-04-20 14:47:31'),(45,'server',1,'Data, Software and System checks','RAM',1,11,'2026-04-20 14:47:31','2026-04-20 14:47:31'),(46,'server',1,'Data, Software and System checks','Network',1,12,'2026-04-20 14:47:31','2026-04-20 14:47:31'),(47,'server',1,'Data, Software and System checks','Review user accounts',1,13,'2026-04-20 14:47:31','2026-04-20 14:47:31'),(48,'server',1,'Data, Software and System checks','Free up server storage space',1,14,'2026-04-20 14:47:31','2026-04-20 14:47:31'),(49,'server',2,'Security Checks','Change server passwords',1,15,'2026-04-20 14:47:31','2026-04-20 14:47:31'),(50,'server',2,'Security Checks','Firewall installed',1,16,'2026-04-20 14:47:31','2026-04-20 14:47:31'),(51,'server',2,'Security Checks','Perform a server malware scan',1,17,'2026-04-20 14:47:31','2026-04-20 14:47:31'),(52,'server',3,'Hardware Checks','Check fans and power supplies',1,18,'2026-04-20 14:47:31','2026-04-20 14:47:31'),(53,'server',3,'Hardware Checks','Check RAID fault tolerance',1,19,'2026-04-20 14:47:31','2026-04-20 14:47:31'),(54,'server',3,'Hardware Checks','Check for disk read errors',1,20,'2026-04-20 14:47:31','2026-04-20 14:47:31'),(55,'server',3,'Hardware Checks','Perform all driver, controller firmware, and storage management application updates',1,21,'2026-04-20 14:47:31','2026-04-20 14:47:31'),(56,'server',3,'Hardware Checks','Run system consistency check',1,22,'2026-04-20 14:47:31','2026-04-20 14:47:31'),(57,'server',3,'Hardware Checks','Replace any drives that have failed or are showing signs of failing',1,23,'2026-04-20 14:47:31','2026-04-20 14:47:31'),(58,'server',3,'Hardware Checks','Check cable integrity',1,24,'2026-04-20 14:47:31','2026-04-20 14:47:31'),(59,'server',3,'Hardware Checks','Cables are securely fixed at each connection point',1,25,'2026-04-20 14:47:31','2026-04-20 14:47:31'),(60,'server',3,'Hardware Checks','Cables are not twisted or under unnecessary strain',1,26,'2026-04-20 14:47:31','2026-04-20 14:47:31'),(61,'server',3,'Hardware Checks','Cables are all in good condition',1,27,'2026-04-20 14:47:31','2026-04-20 14:47:31'),(62,'server',3,'Hardware Checks','Check A/C unit at the facility',1,28,'2026-04-20 14:47:31','2026-04-20 14:47:31'),(63,'ip_phone',1,'Hardware','IP phone is configured properly',1,0,'2026-04-20 14:47:31','2026-04-20 14:47:31'),(64,'ip_phone',1,'Hardware','IP phone free dust and dirt',1,1,'2026-04-20 14:47:31','2026-04-20 14:47:31'),(65,'ip_phone',1,'Hardware','Are all buttons functional',1,2,'2026-04-20 14:47:31','2026-04-20 14:47:31'),(66,'ip_phone',1,'Hardware','No loose parts',1,3,'2026-04-20 14:47:31','2026-04-20 14:47:31'),(67,'ip_phone',1,'Hardware','Properly mounted on the wall',1,4,'2026-04-20 14:47:31','2026-04-20 14:47:31'),(68,'ip_phone',2,'Wire and Cables','No tear and wear',1,5,'2026-04-20 14:47:31','2026-04-20 14:47:31'),(69,'ip_phone',2,'Wire and Cables','Properly installed',1,6,'2026-04-20 14:47:31','2026-04-20 14:47:31'),(70,'ip_phone',2,'Wire and Cables','Well connected',1,7,'2026-04-20 14:47:31','2026-04-20 14:47:31'),(71,'ip_phone',3,'Software/Firmware','It is updated',1,8,'2026-04-20 14:47:31','2026-04-20 14:47:31'),(72,'ip_phone',3,'Software/Firmware','Free from free errors',1,9,'2026-04-20 14:47:31','2026-04-20 14:47:31'),(73,'ip_phone',3,'Software/Firmware','Properly configured to its specification',1,10,'2026-04-20 14:47:31','2026-04-20 14:47:31'),(74,'ip_phone',5,'Surge Protection','Power supply properly installed',1,11,'2026-04-20 14:47:31','2026-04-20 14:47:31'),(75,'ip_phone',5,'Surge Protection','Free from dust and particulates',1,12,'2026-04-20 14:47:31','2026-04-20 14:47:31'),(76,'ip_phone',5,'Surge Protection','Any wear and tear or exposed power cord',1,13,'2026-04-20 14:47:31','2026-04-20 14:47:31'),(111,'wifi',1,'Physical Inspection','Access point securely mounted',1,0,'2026-04-29 04:17:21','2026-04-29 04:17:21'),(112,'wifi',1,'Physical Inspection','Power adapter or PoE source working properly',1,1,'2026-04-29 04:17:21','2026-04-29 04:17:21'),(113,'wifi',1,'Physical Inspection','Cabling intact and properly connected',1,2,'2026-04-29 04:17:21','2026-04-29 04:17:21'),(114,'wifi',2,'Wireless Configuration','SSID or WiFi name configured correctly',1,3,'2026-04-29 04:17:21','2026-04-29 04:17:21'),(115,'wifi',2,'Wireless Configuration','Channel and supported band settings verified',1,4,'2026-04-29 04:17:21','2026-04-29 04:17:21'),(116,'wifi',2,'Wireless Configuration','IP addressing and VLAN settings verified',1,5,'2026-04-29 04:17:21','2026-04-29 04:17:21'),(117,'wifi',3,'Connectivity and Coverage','Device reachable on the network',1,6,'2026-04-29 04:17:21','2026-04-29 04:17:21'),(118,'wifi',3,'Connectivity and Coverage','Clients can connect and access the network',1,7,'2026-04-29 04:17:21','2026-04-29 04:17:21'),(119,'wifi',3,'Connectivity and Coverage','Signal coverage acceptable in the service area',1,8,'2026-04-29 04:17:21','2026-04-29 04:17:21'),(120,'wifi',4,'Security and Firmware','WiFi password or security settings verified',1,9,'2026-04-29 04:17:21','2026-04-29 04:17:21'),(121,'wifi',4,'Security and Firmware','Firmware updated to approved version',1,10,'2026-04-29 04:17:21','2026-04-29 04:17:21'),(122,'wifi',4,'Security and Firmware','Logs checked with no critical alarms',1,11,'2026-04-29 04:17:22','2026-04-29 04:17:22'),(123,'cctv',1,'Physical Inspection','Camera housing and mounting are secure',1,0,'2026-04-30 01:10:30','2026-04-30 01:10:30'),(124,'cctv',1,'Physical Inspection','Power and network cabling are intact',1,1,'2026-04-30 01:10:30','2026-04-30 01:10:30'),(125,'cctv',1,'Physical Inspection','Lens and enclosure are clean with no visible damage',1,2,'2026-04-30 01:10:30','2026-04-30 01:10:30'),(126,'cctv',2,'Video and Connectivity','Camera reachable on the network',1,3,'2026-04-30 01:10:30','2026-04-30 01:10:30'),(127,'cctv',2,'Video and Connectivity','Live video feed is available and clear',1,4,'2026-04-30 01:10:30','2026-04-30 01:10:30'),(128,'cctv',2,'Video and Connectivity','IP address and VLAN settings verified',1,5,'2026-04-30 01:10:30','2026-04-30 01:10:30'),(129,'cctv',3,'Configuration and Recording','Device configuration matches assigned purpose',1,6,'2026-04-30 01:10:30','2026-04-30 01:10:30'),(130,'cctv',3,'Configuration and Recording','Recording or stream settings checked',1,7,'2026-04-30 01:10:30','2026-04-30 01:10:30'),(131,'cctv',3,'Configuration and Recording','Logs reviewed with no critical alarms',1,8,'2026-04-30 01:10:30','2026-04-30 01:10:30'),(132,'network_device',1,'Physical Inspection','Device, mounting, and ventilation are in good condition',1,0,'2026-05-01 13:35:22','2026-05-01 13:35:22'),(133,'network_device',1,'Physical Inspection','Device is clean and free from loose parts or debris',1,1,'2026-05-01 13:35:22','2026-05-01 13:35:22'),(134,'network_device',1,'Physical Inspection','Power and network cabling are secure and undamaged',1,2,'2026-05-01 13:35:22','2026-05-01 13:35:22'),(135,'network_device',2,'Connectivity and Ports','Device is reachable on the network',1,3,'2026-05-01 13:35:22','2026-05-01 13:35:22'),(136,'network_device',2,'Connectivity and Ports','Port indicators and active links are functioning normally',1,4,'2026-05-01 13:35:22','2026-05-01 13:35:22'),(137,'network_device',2,'Connectivity and Ports','No obvious packet errors or performance issues observed',1,5,'2026-05-01 13:35:22','2026-05-01 13:35:22'),(138,'network_device',3,'Configuration and Settings','IP address, gateway, and VLAN settings verified',1,6,'2026-05-01 13:35:22','2026-05-01 13:35:22'),(139,'network_device',3,'Configuration and Settings','Device configuration backed up or confirmed available',1,7,'2026-05-01 13:35:22','2026-05-01 13:35:22'),(140,'network_device',3,'Configuration and Settings','Management access and security settings reviewed',1,8,'2026-05-01 13:35:22','2026-05-01 13:35:22'),(141,'network_device',4,'Firmware, Logs, and Monitoring','Firmware version checked against approved version',1,9,'2026-05-01 13:35:22','2026-05-01 13:35:22'),(142,'network_device',4,'Firmware, Logs, and Monitoring','System logs reviewed with no critical alarms',1,10,'2026-05-01 13:35:22','2026-05-01 13:35:22'),(143,'network_device',4,'Firmware, Logs, and Monitoring','Temperature, power, and monitoring status are normal',1,11,'2026-05-01 13:35:22','2026-05-01 13:35:22'),(144,'ups',1,'Physical Inspection','UPS casing and indicators are in good condition',1,0,'2026-05-01 15:42:44','2026-05-01 15:42:44'),(145,'ups',1,'Physical Inspection','Power cable and output connections are secure',1,1,'2026-05-01 15:42:44','2026-05-01 15:42:44'),(146,'ups',1,'Physical Inspection','No unusual noise, odor, or visible damage',1,2,'2026-05-01 15:42:44','2026-05-01 15:42:44'),(147,'ups',2,'Power and Battery','Battery or backup status is normal',1,3,'2026-05-01 15:42:44','2026-05-01 15:42:44'),(148,'ups',2,'Power and Battery','Input and output power operation verified',1,4,'2026-05-01 15:42:44','2026-05-01 15:42:44'),(149,'ups',2,'Power and Battery','Total load is within rated capacity',1,5,'2026-05-01 15:42:44','2026-05-01 15:42:44'),(150,'ups',3,'Configuration and Monitoring','Network or LAN monitoring settings verified if supported',1,6,'2026-05-01 15:42:44','2026-05-01 15:42:44'),(151,'ups',3,'Configuration and Monitoring','Firmware or management settings checked',1,7,'2026-05-01 15:42:44','2026-05-01 15:42:44'),(152,'ups',3,'Configuration and Monitoring','Logs or alarms reviewed with no critical issue',1,8,'2026-05-01 15:42:44','2026-05-01 15:42:44');
/*!40000 ALTER TABLE `item_checklist_items` ENABLE KEYS */;
UNLOCK TABLES;

--
-- Table structure for table `item_checklist_summaries`
--

DROP TABLE IF EXISTS `item_checklist_summaries`;
/*!40101 SET @saved_cs_client     = @@character_set_client */;
/*!40101 SET character_set_client = utf8 */;
CREATE TABLE `item_checklist_summaries` (
  `id` bigint(20) unsigned NOT NULL AUTO_INCREMENT,
  `psm_id` bigint(20) unsigned NOT NULL,
  `summary_recommendation` text DEFAULT NULL,
  `enabled` tinyint(4) NOT NULL DEFAULT 1,
  `created_at` timestamp NULL DEFAULT NULL,
  `updated_at` timestamp NULL DEFAULT NULL,
  PRIMARY KEY (`id`),
  KEY `item_checklist_summaries_psm_id_index` (`psm_id`)
) ENGINE=InnoDB AUTO_INCREMENT=35 DEFAULT CHARSET=utf8mb4 COLLATE=utf8mb4_unicode_ci;
/*!40101 SET character_set_client = @saved_cs_client */;

--
-- Dumping data for table `item_checklist_summaries`
--

LOCK TABLES `item_checklist_summaries` WRITE;
/*!40000 ALTER TABLE `item_checklist_summaries` DISABLE KEYS */;
INSERT INTO `item_checklist_summaries` VALUES (1,8,'asdaaaaaaaaaaaaaaaaaaaaaaaaaaaaaaaaaaaaaaaaaaaaaaaaaaaaaaaaaaaaaaaaaaaaaaaaaaaaaaaaaaaaaaaaaaaaaaaaaaaaaaaaaaaaaaaaaaaaaaaaaaaaaaaaaaaaaaaaaaaaaaaaaaaaaaaaaaaaaaaaaaaaaaaaaaaa',1,'2026-04-20 14:50:53','2026-04-29 03:49:03'),(2,10,'a',1,'2026-04-20 15:16:35','2026-04-20 15:16:35'),(3,11,NULL,1,'2026-04-20 15:23:20','2026-04-20 15:23:20'),(4,12,NULL,1,'2026-04-21 04:00:16','2026-04-21 04:00:16'),(5,14,'as',1,'2026-04-21 05:16:18','2026-04-21 05:16:18'),(6,15,'as',1,'2026-04-21 05:19:17','2026-04-21 05:19:55'),(7,19,'as',1,'2026-04-29 05:14:11','2026-04-29 05:14:11'),(8,23,'a',1,'2026-04-30 01:10:45','2026-04-30 01:10:45'),(9,25,NULL,1,'2026-04-30 01:21:16','2026-04-30 01:21:16'),(10,28,NULL,1,'2026-05-01 15:54:30','2026-05-01 15:54:30'),(11,29,NULL,1,'2026-05-01 15:54:44','2026-05-01 15:54:44'),(12,31,NULL,1,'2026-05-01 15:58:22','2026-05-01 15:58:22'),(13,32,NULL,1,'2026-05-01 16:18:21','2026-05-05 06:55:43'),(14,33,'a',1,'2026-05-04 07:17:05','2026-05-04 07:17:05'),(15,34,'asd',1,'2026-05-04 07:33:29','2026-05-04 07:33:29'),(16,36,'asd',1,'2026-05-04 08:01:20','2026-05-04 08:01:20'),(17,38,'ADSA',1,'2026-05-04 08:26:59','2026-05-04 08:26:59'),(18,40,'zxc',1,'2026-05-05 06:17:58','2026-05-05 06:17:58'),(19,42,'Nothing follows',1,'2026-05-05 07:07:06','2026-05-05 07:07:06'),(20,44,'asdaaaaaaaaaaaaaaaaaaaaaaaaaaaaaaaaaaaaaaaaaaaaaaaaaaaaaaaaaaaaaaaaaaaaaaaaaaaaaaaaaaaaaaaaaaaaaaaaaaaaaaaaaaaaaaaaaaaaaaaaaaaaaaaaaaaaaaaaaaaaaaaaaaaaaaaaaaaaaaaaaaaaaaaaaaaaaaaaaaaaaaaaaaaaaaaaaaaaaaaaaaaaaaaaaaaaaaaaaaaaaaaaaaaaaaaaaaaaaaaaaaaaaaaaaaaaaaaaaaaaaaaaaaaaaaaaaaaaaaaaaaaaaaaaaaaaaaaaaaaaaaaaaaaaa',1,'2026-05-05 07:07:48','2026-05-06 01:16:39'),(21,46,'All goods in check',1,'2026-05-06 02:20:40','2026-05-06 02:20:40'),(22,48,'Nothing follows',1,'2026-05-06 02:53:22','2026-05-06 02:53:22'),(23,50,'Nothing follows',1,'2026-05-06 05:33:27','2026-05-06 05:33:27'),(24,52,'Nothing follows',1,'2026-05-06 07:22:15','2026-05-07 07:05:28'),(25,54,'All units is in good conditionaaaaaaaaaaaaaaaaaaaaaaaaaaaaaaaaaaaaaaaaaaaaaaaaaaaaaaaaaaaaaaaaaaaaaaaaaaaaaaaaaaaaaaaaaaaaaaaaaaaaaaaaaaaaaaaaaaaaaaaaaaaaaaaaaaaaaaaaaaaaaaaaaaaaaaaaaaaaaaaaaaaaaa',1,'2026-05-07 06:00:50','2026-05-07 07:33:18'),(26,56,'All units in good condition. Remove unnecessary appsaaaaaaaaaaaaaaaaaaaaaaaaaaaaaaaaaaaaaaaaaaaaaaaaaaaaaaaaaaaaaaaaaaaaaaaaaaaaaaaaaaaaaaaaaaaaaaaaaaaaaaaaaaaaaaaaaaaaaaaaaaaaaaaaaaaaaaaaaaaaaaaaaaaaaaaaaaaaaaaaa aaaaaaaaaaaa',1,'2026-05-07 07:38:24','2026-05-08 00:46:37'),(27,58,'a',1,'2026-05-14 07:11:03','2026-05-14 07:11:03'),(28,60,'aa',1,'2026-05-15 06:35:58','2026-05-15 06:35:58'),(29,61,'aa',1,'2026-05-15 06:35:59','2026-05-15 06:35:59'),(30,62,'aaaaaa',1,'2026-05-15 06:40:31','2026-05-15 06:40:31'),(31,63,'aaaaaa',1,'2026-05-15 06:40:58','2026-05-15 06:40:58'),(32,64,'a',1,'2026-05-15 06:44:27','2026-05-15 06:44:27'),(33,67,NULL,1,'2026-05-19 03:05:33','2026-05-26 05:14:02'),(34,68,NULL,1,'2026-05-26 05:14:52','2026-05-26 05:14:52');
/*!40000 ALTER TABLE `item_checklist_summaries` ENABLE KEYS */;
UNLOCK TABLES;

--
-- Table structure for table `migrations`
--

DROP TABLE IF EXISTS `migrations`;
/*!40101 SET @saved_cs_client     = @@character_set_client */;
/*!40101 SET character_set_client = utf8 */;
CREATE TABLE `migrations` (
  `id` int(10) unsigned NOT NULL AUTO_INCREMENT,
  `migration` varchar(255) NOT NULL,
  `batch` int(11) NOT NULL,
  PRIMARY KEY (`id`)
) ENGINE=InnoDB AUTO_INCREMENT=37 DEFAULT CHARSET=utf8mb4 COLLATE=utf8mb4_unicode_ci;
/*!40101 SET character_set_client = @saved_cs_client */;

--
-- Dumping data for table `migrations`
--

LOCK TABLES `migrations` WRITE;
/*!40000 ALTER TABLE `migrations` DISABLE KEYS */;
INSERT INTO `migrations` VALUES (1,'2014_10_12_000000_create_users_table',1),(2,'2014_10_12_100000_create_password_reset_tokens_table',1),(3,'2019_08_19_000000_create_failed_jobs_table',1),(4,'2019_12_14_000001_create_personal_access_tokens_table',1),(5,'2026_02_09_000001_create_preventive_maintenance_checklists_table',1),(6,'2026_02_09_000002_create_item_checklists_table',1),(7,'2026_02_09_000003_create_reference_data_tables',1),(8,'2026_02_09_100001_create_psm_tables',1),(9,'2026_02_11_000001_create_specification_categories_table',1),(10,'2026_02_11_000002_create_item_checklist_items_table',1),(11,'2026_02_12_000003_add_psm_id_links_to_checklist_tables',1),(12,'2026_02_12_200000_add_unique_index_to_psm_value',1),(13,'2026_02_12_210000_create_psm_value_archive',1),(14,'2026_02_12_220000_create_item_checklist_display',1),(15,'2026_02_16_000500_recreate_missing_item_checklist_tables',1),(16,'2026_02_16_001000_fix_item_checklist_entries_column',1),(17,'2026_02_18_000001_create_item_checklist_summaries_table',1),(18,'2026_03_03_000001_drop_redundant_checklist_mirror_tables',1),(19,'2026_03_06_000001_create_preventive_maintenance_plan_tables',1),(20,'2026_03_06_000002_add_soft_deletes_to_preventive_maintenance_plans_table',1),(21,'2026_03_10_000001_add_schedule_category_to_preventive_maintenance_plans_table',1),(22,'2026_03_12_000000_add_checklist_type_variable_to_preventive_maintenance_template',1),(23,'2026_03_12_010000_add_checklist_type_to_item_checklist_items',1),(24,'2026_03_19_000001_create_server_item_checklist_items_table',1),(25,'2026_04_07_000001_create_ip_phone_item_checklist_items_table',1),(26,'2026_04_20_000001_create_network_device_item_checklist_items_table',1),(27,'2026_05_01_000001_simplify_network_device_item_checklist_items',2),(28,'2026_05_02_000001_create_preventive_maintenance_revisions_table',3),(29,'2026_05_07_000002_drop_unused_psm_detail_table',4),(30,'2026_05_07_000003_drop_unused_reference_pivot_tables',5),(31,'2026_05_07_000004_drop_unused_failed_jobs_table',6),(32,'2026_05_08_000001_add_identifier_to_psm_table',7),(33,'2026_05_18_000001_create_college_offices_and_departments_tables',8),(34,'2026_05_27_000001_add_role_and_status_to_users_table',9),(35,'2026_05_27_000002_add_created_by_to_psm_table',9),(36,'2026_05_27_000003_add_is_locked_to_psm_table',10);
/*!40000 ALTER TABLE `migrations` ENABLE KEYS */;
UNLOCK TABLES;

--
-- Table structure for table `network_device_item_checklist_items`
--

DROP TABLE IF EXISTS `network_device_item_checklist_items`;
/*!40101 SET @saved_cs_client     = @@character_set_client */;
/*!40101 SET character_set_client = utf8 */;
CREATE TABLE `network_device_item_checklist_items` (
  `id` bigint(20) unsigned NOT NULL AUTO_INCREMENT,
  `item_no` int(11) NOT NULL,
  `task` varchar(255) NOT NULL,
  `description` text NOT NULL,
  `enabled` tinyint(1) NOT NULL DEFAULT 1,
  `sort_order` int(11) NOT NULL DEFAULT 0,
  `created_at` timestamp NULL DEFAULT NULL,
  `updated_at` timestamp NULL DEFAULT NULL,
  PRIMARY KEY (`id`),
  KEY `network_device_item_checklist_items_enabled_sort_idx` (`enabled`,`item_no`,`sort_order`)
) ENGINE=InnoDB AUTO_INCREMENT=13 DEFAULT CHARSET=utf8mb4 COLLATE=utf8mb4_unicode_ci;
/*!40101 SET character_set_client = @saved_cs_client */;

--
-- Dumping data for table `network_device_item_checklist_items`
--

LOCK TABLES `network_device_item_checklist_items` WRITE;
/*!40000 ALTER TABLE `network_device_item_checklist_items` DISABLE KEYS */;
INSERT INTO `network_device_item_checklist_items` VALUES (1,1,'Physical Inspection','Device, mounting, and ventilation are in good condition',1,0,'2026-05-01 13:35:22','2026-05-01 13:35:22'),(2,1,'Physical Inspection','Device is clean and free from loose parts or debris',1,1,'2026-05-01 13:35:22','2026-05-01 13:35:22'),(3,1,'Physical Inspection','Power and network cabling are secure and undamaged',1,2,'2026-05-01 13:35:22','2026-05-01 13:35:22'),(4,2,'Connectivity and Ports','Device is reachable on the network',1,3,'2026-05-01 13:35:22','2026-05-01 13:35:22'),(5,2,'Connectivity and Ports','Port indicators and active links are functioning normally',1,4,'2026-05-01 13:35:22','2026-05-01 13:35:22'),(6,2,'Connectivity and Ports','No obvious packet errors or performance issues observed',1,5,'2026-05-01 13:35:22','2026-05-01 13:35:22'),(7,3,'Configuration and Settings','IP address, gateway, and VLAN settings verified',1,6,'2026-05-01 13:35:22','2026-05-01 13:35:22'),(8,3,'Configuration and Settings','Device configuration backed up or confirmed available',1,7,'2026-05-01 13:35:22','2026-05-01 13:35:22'),(9,3,'Configuration and Settings','Management access and security settings reviewed',1,8,'2026-05-01 13:35:22','2026-05-01 13:35:22'),(10,4,'Firmware, Logs, and Monitoring','Firmware version checked against approved version',1,9,'2026-05-01 13:35:22','2026-05-01 13:35:22'),(11,4,'Firmware, Logs, and Monitoring','System logs reviewed with no critical alarms',1,10,'2026-05-01 13:35:22','2026-05-01 13:35:22'),(12,4,'Firmware, Logs, and Monitoring','Temperature, power, and monitoring status are normal',1,11,'2026-05-01 13:35:22','2026-05-01 13:35:22');
/*!40000 ALTER TABLE `network_device_item_checklist_items` ENABLE KEYS */;
UNLOCK TABLES;

--
-- Table structure for table `operating_systems`
--

DROP TABLE IF EXISTS `operating_systems`;
/*!40101 SET @saved_cs_client     = @@character_set_client */;
/*!40101 SET character_set_client = utf8 */;
CREATE TABLE `operating_systems` (
  `id` bigint(20) unsigned NOT NULL AUTO_INCREMENT,
  `name` varchar(255) NOT NULL,
  `description` text DEFAULT NULL,
  `enabled` tinyint(1) NOT NULL DEFAULT 1,
  `sort_order` int(11) NOT NULL DEFAULT 0,
  `created_at` timestamp NULL DEFAULT NULL,
  `updated_at` timestamp NULL DEFAULT NULL,
  PRIMARY KEY (`id`),
  UNIQUE KEY `operating_systems_name_unique` (`name`)
) ENGINE=InnoDB AUTO_INCREMENT=4 DEFAULT CHARSET=utf8mb4 COLLATE=utf8mb4_unicode_ci;
/*!40101 SET character_set_client = @saved_cs_client */;

--
-- Dumping data for table `operating_systems`
--

LOCK TABLES `operating_systems` WRITE;
/*!40000 ALTER TABLE `operating_systems` DISABLE KEYS */;
INSERT INTO `operating_systems` VALUES (1,'Windows 7',NULL,1,1,'2026-04-20 14:47:30','2026-04-20 14:47:30'),(2,'Windows 8',NULL,1,2,'2026-04-20 14:47:30','2026-04-20 14:47:30'),(3,'Windows 10',NULL,1,3,'2026-04-20 14:47:30','2026-04-20 14:47:30');
/*!40000 ALTER TABLE `operating_systems` ENABLE KEYS */;
UNLOCK TABLES;

--
-- Table structure for table `password_reset_tokens`
--

DROP TABLE IF EXISTS `password_reset_tokens`;
/*!40101 SET @saved_cs_client     = @@character_set_client */;
/*!40101 SET character_set_client = utf8 */;
CREATE TABLE `password_reset_tokens` (
  `email` varchar(255) NOT NULL,
  `token` varchar(255) NOT NULL,
  `created_at` timestamp NULL DEFAULT NULL,
  PRIMARY KEY (`email`)
) ENGINE=InnoDB DEFAULT CHARSET=utf8mb4 COLLATE=utf8mb4_unicode_ci;
/*!40101 SET character_set_client = @saved_cs_client */;

--
-- Dumping data for table `password_reset_tokens`
--

LOCK TABLES `password_reset_tokens` WRITE;
/*!40000 ALTER TABLE `password_reset_tokens` DISABLE KEYS */;
/*!40000 ALTER TABLE `password_reset_tokens` ENABLE KEYS */;
UNLOCK TABLES;

--
-- Table structure for table `personal_access_tokens`
--

DROP TABLE IF EXISTS `personal_access_tokens`;
/*!40101 SET @saved_cs_client     = @@character_set_client */;
/*!40101 SET character_set_client = utf8 */;
CREATE TABLE `personal_access_tokens` (
  `id` bigint(20) unsigned NOT NULL AUTO_INCREMENT,
  `tokenable_type` varchar(255) NOT NULL,
  `tokenable_id` bigint(20) unsigned NOT NULL,
  `name` varchar(255) NOT NULL,
  `token` varchar(64) NOT NULL,
  `abilities` text DEFAULT NULL,
  `last_used_at` timestamp NULL DEFAULT NULL,
  `expires_at` timestamp NULL DEFAULT NULL,
  `created_at` timestamp NULL DEFAULT NULL,
  `updated_at` timestamp NULL DEFAULT NULL,
  PRIMARY KEY (`id`),
  UNIQUE KEY `personal_access_tokens_token_unique` (`token`),
  KEY `personal_access_tokens_tokenable_type_tokenable_id_index` (`tokenable_type`,`tokenable_id`)
) ENGINE=InnoDB DEFAULT CHARSET=utf8mb4 COLLATE=utf8mb4_unicode_ci;
/*!40101 SET character_set_client = @saved_cs_client */;

--
-- Dumping data for table `personal_access_tokens`
--

LOCK TABLES `personal_access_tokens` WRITE;
/*!40000 ALTER TABLE `personal_access_tokens` DISABLE KEYS */;
/*!40000 ALTER TABLE `personal_access_tokens` ENABLE KEYS */;
UNLOCK TABLES;

--
-- Table structure for table `preventive_maintenance_plan_schedules`
--

DROP TABLE IF EXISTS `preventive_maintenance_plan_schedules`;
/*!40101 SET @saved_cs_client     = @@character_set_client */;
/*!40101 SET character_set_client = utf8 */;
CREATE TABLE `preventive_maintenance_plan_schedules` (
  `id` bigint(20) unsigned NOT NULL AUTO_INCREMENT,
  `preventive_maintenance_plan_id` bigint(20) unsigned NOT NULL,
  `month` tinyint(3) unsigned NOT NULL,
  `office_name` varchar(255) NOT NULL,
  `created_at` timestamp NULL DEFAULT NULL,
  `updated_at` timestamp NULL DEFAULT NULL,
  PRIMARY KEY (`id`),
  UNIQUE KEY `pm_plan_sched_unique` (`preventive_maintenance_plan_id`,`month`,`office_name`),
  CONSTRAINT `pm_plan_sched_plan_fk` FOREIGN KEY (`preventive_maintenance_plan_id`) REFERENCES `preventive_maintenance_plans` (`id`) ON DELETE CASCADE
) ENGINE=InnoDB AUTO_INCREMENT=316 DEFAULT CHARSET=utf8mb4 COLLATE=utf8mb4_unicode_ci;
/*!40101 SET character_set_client = @saved_cs_client */;

--
-- Dumping data for table `preventive_maintenance_plan_schedules`
--

LOCK TABLES `preventive_maintenance_plan_schedules` WRITE;
/*!40000 ALTER TABLE `preventive_maintenance_plan_schedules` DISABLE KEYS */;
INSERT INTO `preventive_maintenance_plan_schedules` VALUES (4,3,1,'Communications','2026-04-21 05:12:25','2026-04-21 05:12:25'),(5,3,1,'Information Technology','2026-04-21 05:12:25','2026-04-21 05:12:25'),(6,3,1,'Infrastructure','2026-04-21 05:12:25','2026-04-21 05:12:25'),(7,3,2,'Communications','2026-04-21 05:12:25','2026-04-21 05:12:25'),(8,3,2,'Information Technology','2026-04-21 05:12:25','2026-04-21 05:12:25'),(9,3,2,'Infrastructure','2026-04-21 05:12:25','2026-04-21 05:12:25'),(10,3,3,'Communications','2026-04-21 05:12:25','2026-04-21 05:12:25'),(11,3,3,'Information Technology','2026-04-21 05:12:25','2026-04-21 05:12:25'),(12,3,3,'Infrastructure','2026-04-21 05:12:25','2026-04-21 05:12:25'),(13,3,4,'Communications','2026-04-21 05:12:25','2026-04-21 05:12:25'),(14,3,4,'Information Technology','2026-04-21 05:12:25','2026-04-21 05:12:25'),(15,3,4,'Infrastructure','2026-04-21 05:12:25','2026-04-21 05:12:25'),(16,3,5,'Communications','2026-04-21 05:12:25','2026-04-21 05:12:25'),(17,3,5,'Information Technology','2026-04-21 05:12:25','2026-04-21 05:12:25'),(18,3,5,'Infrastructure','2026-04-21 05:12:25','2026-04-21 05:12:25'),(19,3,6,'Communications','2026-04-21 05:12:25','2026-04-21 05:12:25'),(20,3,6,'Information Technology','2026-04-21 05:12:25','2026-04-21 05:12:25'),(21,3,6,'Infrastructure','2026-04-21 05:12:25','2026-04-21 05:12:25'),(22,3,7,'Communications','2026-04-21 05:12:25','2026-04-21 05:12:25'),(23,3,7,'Information Technology','2026-04-21 05:12:25','2026-04-21 05:12:25'),(24,3,8,'Communications','2026-04-21 05:12:25','2026-04-21 05:12:25'),(25,3,8,'Information Technology','2026-04-21 05:12:25','2026-04-21 05:12:25'),(26,3,9,'Communications','2026-04-21 05:12:25','2026-04-21 05:12:25'),(27,3,9,'Information Technology','2026-04-21 05:12:25','2026-04-21 05:12:25'),(28,3,10,'Communications','2026-04-21 05:12:25','2026-04-21 05:12:25'),(29,3,10,'Information Technology','2026-04-21 05:12:25','2026-04-21 05:12:25'),(30,3,11,'Communications','2026-04-21 05:12:25','2026-04-21 05:12:25'),(31,3,11,'Information Technology','2026-04-21 05:12:25','2026-04-21 05:12:25'),(32,3,12,'Communications','2026-04-21 05:12:25','2026-04-21 05:12:25'),(33,3,12,'Information Technology','2026-04-21 05:12:25','2026-04-21 05:12:25'),(38,5,3,'a','2026-05-04 08:34:12','2026-05-04 08:34:12'),(39,5,3,'aa','2026-05-04 08:34:12','2026-05-04 08:34:12'),(40,5,3,'Communications','2026-05-04 08:34:12','2026-05-04 08:34:12'),(65,8,1,'a','2026-05-05 07:25:21','2026-05-05 07:25:21'),(66,8,1,'aa','2026-05-05 07:25:21','2026-05-05 07:25:21'),(67,8,1,'asd','2026-05-05 07:25:21','2026-05-05 07:25:21'),(68,8,1,'Communications','2026-05-05 07:25:21','2026-05-05 07:25:21'),(69,8,1,'Information Technology','2026-05-05 07:25:21','2026-05-05 07:25:21'),(70,8,1,'Infrastructure','2026-05-05 07:25:21','2026-05-05 07:25:21'),(71,8,1,'q','2026-05-05 07:25:21','2026-05-05 07:25:21'),(72,8,2,'a','2026-05-05 07:25:21','2026-05-05 07:25:21'),(73,8,2,'aa','2026-05-05 07:25:21','2026-05-05 07:25:21'),(74,8,2,'asd','2026-05-05 07:25:21','2026-05-05 07:25:21'),(75,8,2,'Communications','2026-05-05 07:25:21','2026-05-05 07:25:21'),(76,8,2,'Information Technology','2026-05-05 07:25:21','2026-05-05 07:25:21'),(77,8,2,'Infrastructure','2026-05-05 07:25:21','2026-05-05 07:25:21'),(78,8,2,'q','2026-05-05 07:25:21','2026-05-05 07:25:21'),(79,8,3,'a','2026-05-05 07:25:21','2026-05-05 07:25:21'),(80,8,3,'aa','2026-05-05 07:25:21','2026-05-05 07:25:21'),(81,8,3,'asd','2026-05-05 07:25:21','2026-05-05 07:25:21'),(82,8,3,'Communications','2026-05-05 07:25:21','2026-05-05 07:25:21'),(83,8,3,'Information Technology','2026-05-05 07:25:21','2026-05-05 07:25:21'),(84,8,3,'Infrastructure','2026-05-05 07:25:21','2026-05-05 07:25:21'),(85,8,3,'q','2026-05-05 07:25:21','2026-05-05 07:25:21'),(86,8,4,'a','2026-05-05 07:25:21','2026-05-05 07:25:21'),(87,8,4,'aa','2026-05-05 07:25:21','2026-05-05 07:25:21'),(88,8,4,'asd','2026-05-05 07:25:21','2026-05-05 07:25:21'),(89,8,4,'Communications','2026-05-05 07:25:21','2026-05-05 07:25:21'),(90,8,4,'Information Technology','2026-05-05 07:25:21','2026-05-05 07:25:21'),(91,8,4,'Infrastructure','2026-05-05 07:25:21','2026-05-05 07:25:21'),(92,8,4,'q','2026-05-05 07:25:21','2026-05-05 07:25:21'),(93,8,5,'a','2026-05-05 07:25:21','2026-05-05 07:25:21'),(94,8,5,'aa','2026-05-05 07:25:21','2026-05-05 07:25:21'),(95,8,5,'asd','2026-05-05 07:25:21','2026-05-05 07:25:21'),(96,8,5,'Communications','2026-05-05 07:25:21','2026-05-05 07:25:21'),(97,8,5,'Information Technology','2026-05-05 07:25:21','2026-05-05 07:25:21'),(98,8,5,'Infrastructure','2026-05-05 07:25:21','2026-05-05 07:25:21'),(99,8,5,'q','2026-05-05 07:25:21','2026-05-05 07:25:21'),(100,8,6,'a','2026-05-05 07:25:21','2026-05-05 07:25:21'),(101,8,6,'aa','2026-05-05 07:25:21','2026-05-05 07:25:21'),(102,8,6,'asd','2026-05-05 07:25:21','2026-05-05 07:25:21'),(103,8,6,'Communications','2026-05-05 07:25:21','2026-05-05 07:25:21'),(104,8,6,'Information Technology','2026-05-05 07:25:21','2026-05-05 07:25:21'),(105,8,6,'Infrastructure','2026-05-05 07:25:21','2026-05-05 07:25:21'),(106,8,6,'q','2026-05-05 07:25:21','2026-05-05 07:25:21'),(107,8,7,'a','2026-05-05 07:25:21','2026-05-05 07:25:21'),(108,8,7,'aa','2026-05-05 07:25:21','2026-05-05 07:25:21'),(109,8,7,'asd','2026-05-05 07:25:21','2026-05-05 07:25:21'),(110,8,7,'Communications','2026-05-05 07:25:21','2026-05-05 07:25:21'),(111,8,7,'Information Technology','2026-05-05 07:25:21','2026-05-05 07:25:21'),(112,8,7,'Infrastructure','2026-05-05 07:25:21','2026-05-05 07:25:21'),(113,8,7,'q','2026-05-05 07:25:21','2026-05-05 07:25:21'),(114,8,8,'a','2026-05-05 07:25:21','2026-05-05 07:25:21'),(115,8,8,'aa','2026-05-05 07:25:21','2026-05-05 07:25:21'),(116,8,8,'asd','2026-05-05 07:25:21','2026-05-05 07:25:21'),(117,8,8,'Communications','2026-05-05 07:25:21','2026-05-05 07:25:21'),(118,8,8,'Information Technology','2026-05-05 07:25:21','2026-05-05 07:25:21'),(119,8,8,'Infrastructure','2026-05-05 07:25:21','2026-05-05 07:25:21'),(120,8,8,'q','2026-05-05 07:25:21','2026-05-05 07:25:21'),(121,8,9,'a','2026-05-05 07:25:21','2026-05-05 07:25:21'),(122,8,9,'aa','2026-05-05 07:25:21','2026-05-05 07:25:21'),(123,8,9,'asd','2026-05-05 07:25:21','2026-05-05 07:25:21'),(124,8,9,'Communications','2026-05-05 07:25:21','2026-05-05 07:25:21'),(125,8,9,'Information Technology','2026-05-05 07:25:21','2026-05-05 07:25:21'),(126,8,9,'Infrastructure','2026-05-05 07:25:21','2026-05-05 07:25:21'),(127,8,9,'q','2026-05-05 07:25:21','2026-05-05 07:25:21'),(128,8,10,'a','2026-05-05 07:25:21','2026-05-05 07:25:21'),(129,8,10,'aa','2026-05-05 07:25:21','2026-05-05 07:25:21'),(130,8,10,'asd','2026-05-05 07:25:21','2026-05-05 07:25:21'),(131,8,10,'Communications','2026-05-05 07:25:21','2026-05-05 07:25:21'),(132,8,10,'Information Technology','2026-05-05 07:25:21','2026-05-05 07:25:21'),(133,8,10,'Infrastructure','2026-05-05 07:25:21','2026-05-05 07:25:21'),(134,8,10,'q','2026-05-05 07:25:21','2026-05-05 07:25:21'),(135,8,11,'a','2026-05-05 07:25:21','2026-05-05 07:25:21'),(136,8,11,'aa','2026-05-05 07:25:21','2026-05-05 07:25:21'),(137,8,11,'asd','2026-05-05 07:25:21','2026-05-05 07:25:21'),(138,8,11,'Communications','2026-05-05 07:25:21','2026-05-05 07:25:21'),(139,8,11,'Information Technology','2026-05-05 07:25:21','2026-05-05 07:25:21'),(140,8,11,'Infrastructure','2026-05-05 07:25:21','2026-05-05 07:25:21'),(141,8,11,'q','2026-05-05 07:25:21','2026-05-05 07:25:21'),(142,8,12,'a','2026-05-05 07:25:21','2026-05-05 07:25:21'),(143,8,12,'aa','2026-05-05 07:25:21','2026-05-05 07:25:21'),(144,8,12,'asd','2026-05-05 07:25:21','2026-05-05 07:25:21'),(145,8,12,'Communications','2026-05-05 07:25:21','2026-05-05 07:25:21'),(146,8,12,'Information Technology','2026-05-05 07:25:21','2026-05-05 07:25:21'),(147,8,12,'Infrastructure','2026-05-05 07:25:21','2026-05-05 07:25:21'),(148,8,12,'q','2026-05-05 07:25:21','2026-05-05 07:25:21'),(221,7,7,'a','2026-05-05 08:18:23','2026-05-05 08:18:23'),(222,7,7,'aa','2026-05-05 08:18:23','2026-05-05 08:18:23'),(223,7,7,'asd','2026-05-05 08:18:23','2026-05-05 08:18:23'),(224,7,7,'Communications','2026-05-05 08:18:23','2026-05-05 08:18:23'),(225,7,7,'Information Technology','2026-05-05 08:18:23','2026-05-05 08:18:23'),(226,7,7,'Infrastructure','2026-05-05 08:18:23','2026-05-05 08:18:23'),(227,7,7,'q','2026-05-05 08:18:23','2026-05-05 08:18:23'),(228,7,8,'a','2026-05-05 08:18:23','2026-05-05 08:18:23'),(229,7,8,'aa','2026-05-05 08:18:23','2026-05-05 08:18:23'),(230,7,8,'asd','2026-05-05 08:18:23','2026-05-05 08:18:23'),(231,7,8,'Communications','2026-05-05 08:18:23','2026-05-05 08:18:23'),(232,7,8,'Information Technology','2026-05-05 08:18:23','2026-05-05 08:18:23'),(233,7,8,'Infrastructure','2026-05-05 08:18:23','2026-05-05 08:18:23'),(234,7,8,'q','2026-05-05 08:18:23','2026-05-05 08:18:23'),(235,7,9,'a','2026-05-05 08:18:23','2026-05-05 08:18:23'),(236,7,9,'aa','2026-05-05 08:18:23','2026-05-05 08:18:23'),(237,7,9,'asd','2026-05-05 08:18:23','2026-05-05 08:18:23'),(238,7,9,'Communications','2026-05-05 08:18:23','2026-05-05 08:18:23'),(239,7,9,'Information Technology','2026-05-05 08:18:23','2026-05-05 08:18:23'),(240,7,9,'Infrastructure','2026-05-05 08:18:23','2026-05-05 08:18:23'),(241,7,9,'q','2026-05-05 08:18:23','2026-05-05 08:18:23'),(242,7,10,'a','2026-05-05 08:18:23','2026-05-05 08:18:23'),(243,7,10,'aa','2026-05-05 08:18:23','2026-05-05 08:18:23'),(244,7,10,'asd','2026-05-05 08:18:23','2026-05-05 08:18:23'),(245,7,10,'Communications','2026-05-05 08:18:23','2026-05-05 08:18:23'),(246,7,10,'Information Technology','2026-05-05 08:18:23','2026-05-05 08:18:23'),(247,7,10,'Infrastructure','2026-05-05 08:18:23','2026-05-05 08:18:23'),(248,7,10,'q','2026-05-05 08:18:23','2026-05-05 08:18:23'),(249,7,11,'a','2026-05-05 08:18:23','2026-05-05 08:18:23'),(250,7,11,'aa','2026-05-05 08:18:23','2026-05-05 08:18:23'),(251,7,11,'asd','2026-05-05 08:18:23','2026-05-05 08:18:23'),(252,7,11,'Communications','2026-05-05 08:18:23','2026-05-05 08:18:23'),(253,7,11,'Information Technology','2026-05-05 08:18:23','2026-05-05 08:18:23'),(254,7,11,'Infrastructure','2026-05-05 08:18:23','2026-05-05 08:18:23'),(255,7,11,'q','2026-05-05 08:18:23','2026-05-05 08:18:23'),(256,7,12,'a','2026-05-05 08:18:23','2026-05-05 08:18:23'),(257,7,12,'aa','2026-05-05 08:18:23','2026-05-05 08:18:23'),(258,7,12,'asd','2026-05-05 08:18:23','2026-05-05 08:18:23'),(259,7,12,'Communications','2026-05-05 08:18:23','2026-05-05 08:18:23'),(260,7,12,'Information Technology','2026-05-05 08:18:23','2026-05-05 08:18:23'),(261,7,12,'Infrastructure','2026-05-05 08:18:23','2026-05-05 08:18:23'),(262,7,12,'q','2026-05-05 08:18:23','2026-05-05 08:18:23'),(289,1,1,'a','2026-05-18 05:26:29','2026-05-18 05:26:29'),(290,1,1,'COLLEGE OF ARTS AND SCIENCE','2026-05-18 05:26:29','2026-05-18 05:26:29'),(291,1,1,'College of Information Science and Computing','2026-05-18 05:26:29','2026-05-18 05:26:29'),(292,1,1,'College of Information Sciences and Computing','2026-05-18 05:26:29','2026-05-18 05:26:29'),(293,1,1,'Communications','2026-05-18 05:26:29','2026-05-18 05:26:29'),(294,1,1,'Infrastructure','2026-05-18 05:26:29','2026-05-18 05:26:29'),(295,1,2,'Information Technology','2026-05-18 05:26:29','2026-05-18 05:26:29'),(296,1,4,'a','2026-05-18 05:26:29','2026-05-18 05:26:29'),(297,1,4,'aa','2026-05-18 05:26:29','2026-05-18 05:26:29'),(298,1,4,'Communications','2026-05-18 05:26:29','2026-05-18 05:26:29'),(299,1,4,'Infrastructure','2026-05-18 05:26:29','2026-05-18 05:26:29'),(300,1,7,'aa','2026-05-18 05:26:29','2026-05-18 05:26:29'),(301,1,7,'asd','2026-05-18 05:26:29','2026-05-18 05:26:29'),(302,1,7,'Communications','2026-05-18 05:26:29','2026-05-18 05:26:29'),(303,1,7,'Information Technology','2026-05-18 05:26:29','2026-05-18 05:26:29'),(304,1,7,'q','2026-05-18 05:26:29','2026-05-18 05:26:29'),(305,1,9,'asd','2026-05-18 05:26:29','2026-05-18 05:26:29'),(306,1,10,'Communications','2026-05-18 05:26:29','2026-05-18 05:26:29'),(307,1,10,'Information Technology','2026-05-18 05:26:29','2026-05-18 05:26:29'),(308,1,10,'Infrastructure','2026-05-18 05:26:29','2026-05-18 05:26:29'),(309,1,12,'a','2026-05-18 05:26:29','2026-05-18 05:26:29'),(310,1,12,'aa','2026-05-18 05:26:29','2026-05-18 05:26:29'),(311,1,12,'asd','2026-05-18 05:26:29','2026-05-18 05:26:29'),(312,1,12,'Communications','2026-05-18 05:26:29','2026-05-18 05:26:29'),(313,1,12,'Information Technology','2026-05-18 05:26:29','2026-05-18 05:26:29'),(314,1,12,'Infrastructure','2026-05-18 05:26:29','2026-05-18 05:26:29'),(315,1,12,'q','2026-05-18 05:26:29','2026-05-18 05:26:29');
/*!40000 ALTER TABLE `preventive_maintenance_plan_schedules` ENABLE KEYS */;
UNLOCK TABLES;

--
-- Table structure for table `preventive_maintenance_plans`
--

DROP TABLE IF EXISTS `preventive_maintenance_plans`;
/*!40101 SET @saved_cs_client     = @@character_set_client */;
/*!40101 SET character_set_client = utf8 */;
CREATE TABLE `preventive_maintenance_plans` (
  `id` bigint(20) unsigned NOT NULL AUTO_INCREMENT,
  `name` varchar(255) NOT NULL,
  `year` smallint(5) unsigned NOT NULL,
  `schedule_category` varchar(255) NOT NULL DEFAULT 'monthly',
  `created_at` timestamp NULL DEFAULT NULL,
  `updated_at` timestamp NULL DEFAULT NULL,
  `deleted_at` timestamp NULL DEFAULT NULL,
  PRIMARY KEY (`id`)
) ENGINE=InnoDB AUTO_INCREMENT=11 DEFAULT CHARSET=utf8mb4 COLLATE=utf8mb4_unicode_ci;
/*!40101 SET character_set_client = @saved_cs_client */;

--
-- Dumping data for table `preventive_maintenance_plans`
--

LOCK TABLES `preventive_maintenance_plans` WRITE;
/*!40000 ALTER TABLE `preventive_maintenance_plans` DISABLE KEYS */;
INSERT INTO `preventive_maintenance_plans` VALUES (1,'a',2026,'monthly','2026-04-20 14:48:56','2026-05-06 06:21:52',NULL),(2,'a',2026,'monthly','2026-04-20 14:49:19','2026-05-05 07:46:21',NULL),(3,'planb',2026,'half_quarter','2026-04-21 05:11:52','2026-04-22 01:49:55',NULL),(4,'l',2026,'quarterly','2026-04-21 05:37:15','2026-04-22 01:36:43',NULL),(5,'Plan#3',2026,'monthly','2026-05-04 08:33:54','2026-05-04 08:33:54',NULL),(6,'Plan #2',2026,'monthly','2026-05-05 04:33:57','2026-05-05 04:33:57',NULL),(7,'Plan 2',2026,'half_quarter','2026-05-05 07:22:54','2026-05-05 07:22:54',NULL),(8,'s',2026,'yearly','2026-05-05 07:25:02','2026-05-05 07:25:02',NULL),(9,'b',2026,'half_quarter','2026-05-05 07:31:45','2026-05-05 07:31:45',NULL),(10,'c',2026,'yearly','2026-05-05 07:31:52','2026-05-05 07:31:52',NULL);
/*!40000 ALTER TABLE `preventive_maintenance_plans` ENABLE KEYS */;
UNLOCK TABLES;

--
-- Table structure for table `preventive_maintenance_revisions`
--

DROP TABLE IF EXISTS `preventive_maintenance_revisions`;
/*!40101 SET @saved_cs_client     = @@character_set_client */;
/*!40101 SET character_set_client = utf8 */;
CREATE TABLE `preventive_maintenance_revisions` (
  `id` bigint(20) unsigned NOT NULL AUTO_INCREMENT,
  `psm_id` bigint(20) unsigned NOT NULL,
  `name` varchar(100) DEFAULT NULL,
  `detail` text DEFAULT NULL,
  `values_snapshot` longtext CHARACTER SET utf8mb4 COLLATE utf8mb4_bin NOT NULL CHECK (json_valid(`values_snapshot`)),
  `original_created_at` timestamp NULL DEFAULT NULL,
  `created_at` timestamp NULL DEFAULT NULL,
  `updated_at` timestamp NULL DEFAULT NULL,
  PRIMARY KEY (`id`),
  KEY `preventive_maintenance_revisions_psm_id_created_at_index` (`psm_id`,`created_at`),
  CONSTRAINT `preventive_maintenance_revisions_psm_id_foreign` FOREIGN KEY (`psm_id`) REFERENCES `psm` (`psm_id`) ON DELETE CASCADE ON UPDATE CASCADE
) ENGINE=InnoDB AUTO_INCREMENT=41 DEFAULT CHARSET=utf8mb4 COLLATE=utf8mb4_unicode_ci;
/*!40101 SET character_set_client = @saved_cs_client */;

--
-- Dumping data for table `preventive_maintenance_revisions`
--

LOCK TABLES `preventive_maintenance_revisions` WRITE;
/*!40000 ALTER TABLE `preventive_maintenance_revisions` DISABLE KEYS */;
INSERT INTO `preventive_maintenance_revisions` VALUES (1,3,'Desktop-001','Sample PC for demonstration','{\"user_operator\":\"John Doe\",\"office_college\":\"Information Technology\",\"department\":\"Infrastructure\",\"date_acquired\":\"2023-06-15\",\"checklist_date\":\"2026-04-20\",\"checklist_type\":\"pc\",\"pc_name\":\"Desktop-001\",\"mac_address\":\"00:1A:2B:3C:4D:5E\",\"ip_address\":\"192.168.1.100\"}','2026-04-20 14:47:31','2026-05-01 16:32:09','2026-05-01 16:32:09'),(7,30,'Untitled','Preventive Maintenance Submission','{\"checklist_date\":\"2026-05-01\",\"checklist_type\":\"server\"}','2026-05-01 15:58:09','2026-05-02 05:10:03','2026-05-02 05:10:03'),(8,30,'Server1','Preventive Maintenance Submission','{\"checklist_date\":\"2026-05-01\",\"checklist_type\":\"server\",\"equipment_keyboard\":\"1\",\"equipment_monitor\":\"1\",\"equipment_avr\":\"1\",\"software_media_player\":\"1\",\"software_browser\":\"1\",\"processor\":\"a\",\"motherboard\":\"a\",\"memory\":\"a\",\"graphics_card\":\"a\",\"hard_disk\":\"a\",\"optical_drives\":\"aa\",\"monitor\":\"a\",\"casing\":\"a\",\"keyboard\":\"a\",\"mouse\":\"a\",\"ups\":\"a\",\"printer\":\"a\",\"mac_address\":\"232\"}','2026-05-01 15:58:09','2026-05-02 05:11:11','2026-05-02 05:11:11'),(9,3,'Desktop-001','Sample PC for demonstration','{\"user_operator\":\"John Doe\",\"office_college\":\"Information Technology\",\"department\":\"Infrastructure\",\"date_acquired\":\"2023-06-15\",\"checklist_date\":\"2026-04-20\",\"checklist_type\":\"pc\",\"equipment_keyboard\":\"1\",\"equipment_monitor\":\"1\",\"mac_address\":\"00:1A:2B:3C:4D:5E\",\"ip_address\":\"192.168.1.100\"}','2026-04-20 14:47:31','2026-05-02 05:19:03','2026-05-02 05:19:03'),(10,3,'Desktop-001','Sample PC for demonstration','{\"user_operator\":\"John Doe\",\"office_college\":\"Information Technology\",\"department\":\"Infrastructure\",\"date_acquired\":\"2023-06-15\",\"checklist_date\":\"2026-05-02\",\"checklist_type\":\"pc\",\"equipment_cpu\":\"1\",\"equipment_keyboard\":\"1\",\"equipment_monitor\":\"1\",\"equipment_mouse\":\"1\",\"equipment_printer\":\"1\",\"equipment_ups\":\"1\",\"equipment_avr\":\"1\",\"os_windows_10\":\"1\",\"software_adobe_reader\":\"1\",\"processor\":\"a\",\"mac_address\":\"00:1A:2B:3C:4D:5E\",\"ip_address\":\"192.168.1.100\"}','2026-04-20 14:47:31','2026-05-02 05:31:25','2026-05-02 05:31:25'),(11,26,'Untitled','Preventive Maintenance Submission','{\"checklist_type\":\"network_device\"}','2026-05-01 13:33:31','2026-05-04 07:59:41','2026-05-04 07:59:41'),(13,43,'a','Preventive Maintenance Submission','{\"user_operator\":\"a\",\"office_college\":\"a\",\"department\":\"a\",\"date_acquired\":\"2026-05-05\",\"checklist_date\":\"2026-05-05\",\"checklist_type\":\"network_device\",\"network_device_category_type\":\"a\",\"network_device_product_name\":\"a\",\"network_device_model_name\":\"a\",\"network_device_serial\":\"a\",\"network_device_office_location\":\"a\",\"network_device_vlan\":\"a\",\"network_device_mac_address\":\"a\",\"network_device_ip_address\":\"a\"}','2026-05-05 07:07:26','2026-05-06 01:17:53','2026-05-06 01:17:53'),(14,47,'apollo-db','Preventive Maintenance Submission','{\"user_operator\":\"John Axl T. Redondo\",\"office_college\":\"College of Information Science and Computing\",\"department\":\"Information Technology\",\"date_acquired\":\"2026-05-06\",\"checklist_date\":\"2026-05-06\",\"checklist_type\":\"server\",\"equipment_cpu\":\"1\",\"equipment_keyboard\":\"1\",\"equipment_monitor\":\"1\",\"equipment_mouse\":\"1\",\"equipment_printer\":\"1\",\"equipment_ups\":\"1\",\"os_others\":\"1\",\"os_others_specify\":\"Windows 11 Home\",\"software_enrollment\":\"1\",\"software_media_player\":\"1\",\"software_adobe_reader\":\"1\",\"software_antivirus\":\"1\",\"software_word_processor\":\"1\",\"software_browser\":\"1\",\"processor\":\"Intel Core i7\",\"motherboard\":\"Dell Aui7\",\"memory\":\"16.0GB\",\"graphics_card\":\"2047MB NVIDIA GeForce GT\",\"hard_disk\":\"931 Seagate ST1000DTNM\",\"monitor\":\"Dell\",\"casing\":\"TRENDSONIC\",\"mouse\":\"A4Tech\",\"avr_watts\":\"A4Tech\",\"printer\":\"Brother T4500dw\",\"mac_address\":\"A4-T3-88-C3-AE\"}','2026-05-06 02:52:04','2026-05-06 05:35:21','2026-05-06 05:35:21'),(15,65,'Untitled','Preventive Maintenance Submission','{\"date_acquired\":\"2026-05-16\",\"checklist_date\":\"2026-05-16\",\"checklist_type\":\"network_device\"}','2026-05-16 00:40:11','2026-05-18 05:27:50','2026-05-18 05:27:50'),(16,22,'a','Preventive Maintenance Submission','{\"user_operator\":\"a\",\"office_college\":\"a\",\"department\":\"a\",\"checklist_type\":\"cctv\",\"cctv_category_type\":\"a\",\"cctv_product_name\":\"a\",\"cctv_model_name\":\"a\",\"cctv_serial\":\"a\",\"cctv_mac_address\":\"a\",\"cctv_office_location\":\"a\",\"cctv_ip_address\":\"a\",\"cctv_vlan\":\"a\"}','2026-04-30 01:10:25','2026-05-21 00:04:23','2026-05-21 00:04:23'),(17,6,'Managed Switch-Floor1','Network switch for floor 1','{\"user_operator\":\"Michael Brown\",\"office_college\":\"Infrastructure\",\"department\":\"Network Operations\",\"date_acquired\":\"2022-11-05\",\"checklist_date\":\"2026-04-20\",\"checklist_type\":\"network_device\",\"mac_address\":\"00:26:98:XX:XX:XX\",\"ip_address\":\"192.168.100.10\",\"network_device_category_type\":\"Managed POE Switch\",\"network_device_product_name\":\"Cisco Catalyst\",\"network_device_model_name\":\"C2960X-48TS-L\",\"network_device_serial\":\"FCW2222XXXX\",\"network_device_office_location\":\"Building A, Network Room 1\",\"network_device_vlan\":\"VLAN 100 (Management)\"}','2026-04-20 14:47:31','2026-05-21 00:05:04','2026-05-21 00:05:04'),(18,5,'IP-Phone-302','VoIP phone in office','{\"user_operator\":\"Robert Johnson\",\"office_college\":\"Communications\",\"department\":\"Telecommunications\",\"date_acquired\":\"2023-01-10\",\"checklist_date\":\"2026-04-20\",\"checklist_type\":\"ip_phone\",\"mac_address\":\"00:25:86:XX:XX:XX\"}','2026-04-20 14:47:31','2026-05-26 01:23:41','2026-05-26 01:23:41'),(19,3,'Desktop-001','Sample PC for demonstration','{\"user_operator\":\"John Doe\",\"office_college\":\"Information Technology\",\"department\":\"Infrastructure\",\"date_acquired\":\"2023-06-15\",\"checklist_date\":\"2026-05-02\",\"checklist_type\":\"pc\",\"equipment_cpu\":\"1\",\"equipment_keyboard\":\"1\",\"equipment_monitor\":\"1\",\"equipment_mouse\":\"1\",\"equipment_printer\":\"1\",\"equipment_ups\":\"1\",\"equipment_avr\":\"1\",\"os_windows_10\":\"1\",\"software_adobe_reader\":\"1\",\"processor\":\"a\",\"mac_address\":\"00:1A:2B:3C:4D:5E\",\"ip_address\":\"192.168.1.100\"}','2026-04-20 14:47:31','2026-05-26 01:24:07','2026-05-26 01:24:07'),(20,26,'a','Preventive Maintenance Submission','{\"user_operator\":\"q\",\"office_college\":\"q\",\"department\":\"q\",\"date_acquired\":\"2026-05-04\",\"checklist_date\":\"2026-05-04\",\"checklist_type\":\"network_device\",\"network_device_category_type\":\"a\",\"network_device_product_name\":\"a\",\"network_device_model_name\":\"a\",\"network_device_serial\":\"a\",\"network_device_office_location\":\"a\",\"network_device_vlan\":\"a\",\"network_device_mac_address\":\"a\",\"network_device_ip_address\":\"a\"}','2026-05-01 13:33:31','2026-05-26 02:15:41','2026-05-26 02:15:41'),(21,30,'Server1','Preventive Maintenance Submission','{\"user_operator\":\"a\",\"office_college\":\"a\",\"department\":\"a\",\"checklist_date\":\"2026-05-01\",\"checklist_type\":\"server\",\"equipment_keyboard\":\"1\",\"equipment_monitor\":\"1\",\"equipment_avr\":\"1\",\"software_media_player\":\"1\",\"software_browser\":\"1\",\"processor\":\"a\",\"motherboard\":\"a\",\"memory\":\"a\",\"graphics_card\":\"a\",\"hard_disk\":\"a\",\"optical_drives\":\"aa\",\"monitor\":\"a\",\"casing\":\"a\",\"keyboard\":\"a\",\"mouse\":\"a\",\"ups\":\"a\",\"printer\":\"a\",\"mac_address\":\"232\"}','2026-05-01 15:58:09','2026-05-26 02:16:30','2026-05-26 02:16:30'),(22,35,'q','Preventive Maintenance Submission','{\"user_operator\":\"q\",\"office_college\":\"q\",\"department\":\"q\",\"date_acquired\":\"2026-05-04\",\"checklist_date\":\"2026-05-04\",\"checklist_type\":\"wifi\",\"wifi_category_type\":\"q\",\"wifi_product_name\":\"q\",\"wifi_model_name\":\"q\",\"wifi_serial\":\"q\",\"wifi_mac_address\":\"q\",\"wifi_office_location\":\"q\",\"wifi_ip_address\":\"q\",\"wifi_vlan\":\"q\",\"wifi_name\":\"q\",\"wifi_password\":\"q\",\"wifi_channel_supported\":\"q\"}','2026-05-04 08:00:40','2026-05-26 02:17:11','2026-05-26 02:17:11'),(23,41,'a','Preventive Maintenance Submission','{\"user_operator\":\"asd\",\"office_college\":\"asd\",\"department\":\"a\",\"date_acquired\":\"2026-05-05\",\"checklist_date\":\"2026-05-05\",\"checklist_type\":\"pc\",\"equipment_cpu\":\"1\",\"equipment_keyboard\":\"1\",\"equipment_monitor\":\"1\",\"equipment_mouse\":\"1\",\"equipment_printer\":\"1\",\"equipment_ups\":\"1\",\"os_others\":\"1\",\"os_others_specify\":\"Windows 11 Home\",\"software_media_player\":\"1\",\"software_adobe_reader\":\"1\",\"software_antivirus\":\"1\",\"software_word_processor\":\"1\",\"software_browser\":\"1\",\"processor\":\"a\",\"motherboard\":\"a\",\"memory\":\"a\",\"graphics_card\":\"a\",\"hard_disk\":\"a\",\"monitor\":\"a\",\"casing\":\"a\",\"power_supply_watts\":\"a\",\"keyboard\":\"a\",\"mouse\":\"a\",\"avr_watts\":\"a\",\"ups\":\"a\",\"printer\":\"a\",\"mac_address\":\"123-23-23-23\"}','2026-05-05 07:06:46','2026-05-26 02:17:36','2026-05-26 02:17:36'),(24,47,'apollo-db','Preventive Maintenance Submission','{\"user_operator\":\"John Axl T. Redondo\",\"office_college\":\"College of Information Science and Computing\",\"department\":\"Information Technology\",\"date_acquired\":\"2026-05-06\",\"checklist_date\":\"2026-05-06\",\"checklist_type\":\"server\",\"equipment_cpu\":\"1\",\"equipment_keyboard\":\"1\",\"equipment_monitor\":\"1\",\"equipment_mouse\":\"1\",\"equipment_printer\":\"1\",\"equipment_ups\":\"1\",\"equipment_others\":\"1\",\"equipment_others_specify\":\"Asd\",\"os_others\":\"1\",\"os_others_specify\":\"Windows 11 Home\",\"software_enrollment\":\"1\",\"software_media_player\":\"1\",\"software_adobe_reader\":\"1\",\"software_antivirus\":\"1\",\"software_word_processor\":\"1\",\"software_browser\":\"1\",\"software_others\":\"1\",\"software_others_specify\":\"secret\",\"processor\":\"Intel Core i7\",\"motherboard\":\"Dell Aui7\",\"memory\":\"16.0GB\",\"graphics_card\":\"2047MB NVIDIA GeForce GT\",\"hard_disk\":\"931 Seagate ST1000DTNM\",\"monitor\":\"Dell\",\"casing\":\"TRENDSONIC\",\"mouse\":\"A4Tech\",\"avr_watts\":\"A4Tech\",\"printer\":\"Brother T4500dw\",\"mac_address\":\"A4-T3-88-C3-AE\"}','2026-05-06 02:52:04','2026-05-26 02:24:40','2026-05-26 02:24:40'),(25,24,'Untitled','Preventive Maintenance Submission','{\"checklist_type\":\"wifi\"}','2026-04-30 01:11:55','2026-05-26 02:50:35','2026-05-26 02:50:35'),(26,27,'Untitled','Preventive Maintenance Submission','{\"checklist_date\":\"2026-05-01\",\"checklist_type\":\"pc\"}','2026-05-01 15:54:15','2026-05-26 02:51:11','2026-05-26 02:51:11'),(27,59,'Untitled','Preventive Maintenance Submission','{\"date_acquired\":\"2026-05-15\",\"checklist_date\":\"2026-05-15\",\"checklist_type\":\"ip_phone\",\"maintenance_photo\":\"[\\\"preventive-maintenance\\/photos\\/ZrmtV6EI1bbH19dqmKlaPAf5KwCBHzute1cANtWD.jpg\\\",\\\"preventive-maintenance\\/photos\\/uq37scye3rNRPkcJWSQAHhUYXicyu0iITmNDQW8W.jpg\\\"]\"}','2026-05-15 05:56:12','2026-05-26 02:52:12','2026-05-26 02:52:12'),(28,39,'Untitled','Preventive Maintenance Submission','{\"date_acquired\":\"2026-05-05\",\"checklist_date\":\"2026-05-05\",\"checklist_type\":\"cctv\",\"cctv_category_type\":\"a\"}','2026-05-05 04:13:30','2026-05-26 02:52:30','2026-05-26 02:52:30'),(29,21,'Untitled','Preventive Maintenance Submission','{\"checklist_type\":\"network_device\"}','2026-04-30 01:00:11','2026-05-26 05:01:16','2026-05-26 05:01:16'),(30,20,'a','Preventive Maintenance Submission','{\"user_operator\":\"Keb\\\\n\",\"checklist_type\":\"ups\",\"ups_category\":\"a\",\"ups_brand_name\":\"a\"}','2026-04-29 06:06:39','2026-05-26 05:01:34','2026-05-26 05:01:34'),(31,18,'Untitled','Preventive Maintenance Submission','{\"checklist_type\":\"server\"}','2026-04-29 05:13:50','2026-05-26 05:02:23','2026-05-26 05:02:23'),(32,17,'Untitled','Preventive Maintenance Submission','{\"checklist_type\":\"wifi\"}','2026-04-29 04:17:17','2026-05-26 05:02:44','2026-05-26 05:02:44'),(33,16,'a a','Preventive Maintenance Submission','{\"user_operator\":\"a\",\"office_college\":\"a\",\"department\":\"a\",\"checklist_type\":\"ip_phone\",\"mac_address\":\"a\",\"brand_name\":\"a\",\"model_name\":\"a\",\"serial_number\":\"a\",\"office_located\":\"a\",\"ip_address_tagged\":\"a\",\"vlan\":\"a\",\"telephone_number\":\"a\"}','2026-04-21 05:31:05','2026-05-26 05:03:04','2026-05-26 05:03:04'),(34,4,'Server-Web-01','Web server for demonstration','{\"user_operator\":\"Jane Smith\",\"office_college\":\"Infrastructure\",\"department\":\"Systems\",\"date_acquired\":\"2022-03-20\",\"checklist_date\":\"2026-04-20\",\"checklist_type\":\"server\",\"pc_name\":\"Server-Web-01\",\"mac_address\":\"00:1A:2B:3C:4D:5F\",\"ip_address\":\"192.168.100.50\"}','2026-04-20 14:47:31','2026-05-26 05:05:22','2026-05-26 05:05:22'),(35,9,'Untitled','Preventive Maintenance Submission','{\"user_operator\":\"a\",\"checklist_type\":\"network_device\"}','2026-04-20 15:15:11','2026-05-26 05:06:07','2026-05-26 05:06:07'),(36,13,'a','Preventive Maintenance Submission','{\"user_operator\":\"a\",\"office_college\":\"a\",\"department\":\"a\",\"date_acquired\":\"2026-02-23\",\"checklist_type\":\"pc\",\"equipment_keyboard\":\"1\",\"equipment_printer\":\"1\",\"os_windows_8\":\"1\",\"software_media_player\":\"1\",\"software_word_processor\":\"1\",\"processor\":\"a\",\"motherboard\":\"a\",\"memory\":\"a\",\"graphics_card\":\"a\",\"hard_disk\":\"a\",\"optical_drives\":\"a\",\"monitor\":\"a\",\"casing\":\"a\",\"power_supply_watts\":\"a\",\"keyboard\":\"a\",\"mouse\":\"a\",\"avr_watts\":\"a\",\"ups\":\"a\",\"printer\":\"a\",\"mac_address\":\"a\"}','2026-04-21 05:15:13','2026-05-26 05:06:46','2026-05-26 05:06:46'),(37,45,'Idk Tokyo','Preventive Maintenance Submission','{\"user_operator\":\"John Axl T. Redondo\",\"office_college\":\"College of Information Science and Computing\",\"department\":\"Information technology\",\"date_acquired\":\"2026-05-06\",\"checklist_date\":\"2026-05-06\",\"checklist_type\":\"ip_phone\",\"mac_address\":\"A4-WS-P2-3P-50\",\"brand_name\":\"Idk\",\"model_name\":\"Tokyo\",\"serial_number\":\"1294121\",\"office_located\":\"Information Science and Computing\",\"ip_address_tagged\":\"192.168.160.89\",\"vlan\":\"10\",\"telephone_number\":\"822\"}','2026-05-06 02:19:52','2026-05-26 05:12:16','2026-05-26 05:12:16'),(38,37,'a a','Preventive Maintenance Submission','{\"user_operator\":\"a\",\"office_college\":\"a\",\"department\":\"a\",\"date_acquired\":\"2026-05-04\",\"checklist_date\":\"2026-05-04\",\"checklist_type\":\"ups\",\"ups_category\":\"a\",\"ups_brand_name\":\"a\",\"ups_model_name\":\"a\",\"ups_mac_address\":\"a\",\"ups_serial\":\"a\",\"ups_total_power_capacity\":\"a\"}','2026-05-04 08:26:37','2026-05-26 05:12:34','2026-05-26 05:12:34'),(39,66,'a a','Preventive Maintenance Submission','{\"user_operator\":\"a\",\"office_college\":\"COLLEGE OF ARTS AND SCIENCE\",\"department\":\"MAIN\",\"date_acquired\":\"2026-05-18\",\"checklist_date\":\"2026-05-18\",\"checklist_type\":\"ip_phone\",\"mac_address\":\"a\",\"brand_name\":\"a\",\"model_name\":\"a\",\"serial_number\":\"a\",\"office_located\":\"a\",\"ip_address_tagged\":\"a\",\"vlan\":\"a\",\"telephone_number\":\"a\",\"college_office_id\":\"16\",\"department_id\":\"52\"}','2026-05-18 05:26:18','2026-05-26 05:12:55','2026-05-26 05:12:55'),(40,77,'Untitled','Preventive Maintenance Submission','{\"user_operator\":\"AHAHAHAH\",\"office_college\":\"ACCOUNTING UNIT\",\"department\":\"MAIN\",\"date_acquired\":\"2026-05-27\",\"checklist_date\":\"2026-05-27\",\"checklist_type\":\"pc\",\"college_office_id\":\"1\",\"department_id\":\"1\"}','2026-05-27 03:47:05','2026-05-27 09:57:22','2026-05-27 09:57:22');
/*!40000 ALTER TABLE `preventive_maintenance_revisions` ENABLE KEYS */;
UNLOCK TABLES;

--
-- Table structure for table `psm`
--

DROP TABLE IF EXISTS `psm`;
/*!40101 SET @saved_cs_client     = @@character_set_client */;
/*!40101 SET character_set_client = utf8 */;
CREATE TABLE `psm` (
  `psm_id` bigint(20) unsigned NOT NULL AUTO_INCREMENT,
  `name` varchar(100) NOT NULL,
  `detail` text DEFAULT NULL,
  `enabled` tinyint(4) NOT NULL DEFAULT 1,
  `created_at` timestamp NOT NULL DEFAULT current_timestamp(),
  `type` enum('template','submission') NOT NULL DEFAULT 'submission',
  `template_psm_id` bigint(20) unsigned DEFAULT NULL,
  `created_by` bigint(20) unsigned DEFAULT NULL,
  `is_locked` tinyint(1) NOT NULL DEFAULT 0,
  `identifier` varchar(50) DEFAULT NULL,
  PRIMARY KEY (`psm_id`),
  UNIQUE KEY `psm_identifier_unique` (`identifier`),
  KEY `psm_created_by_foreign` (`created_by`),
  KEY `psm_is_locked_index` (`is_locked`),
  CONSTRAINT `psm_created_by_foreign` FOREIGN KEY (`created_by`) REFERENCES `users` (`id`) ON DELETE SET NULL
) ENGINE=InnoDB AUTO_INCREMENT=83 DEFAULT CHARSET=utf8mb4 COLLATE=utf8mb4_unicode_ci;
/*!40101 SET character_set_client = @saved_cs_client */;

--
-- Dumping data for table `psm`
--

LOCK TABLES `psm` WRITE;
/*!40000 ALTER TABLE `psm` DISABLE KEYS */;
INSERT INTO `psm` VALUES (1,'Preventive Maintenance Checklist','Office of Digital Transformation - CMU',1,'2026-04-20 14:47:30','template',NULL,NULL,0,NULL),(2,'Item Checklist','ICT Equipment maintenance item checklist',1,'2026-04-20 14:47:30','template',NULL,NULL,0,NULL),(3,'Desktop-001','Sample PC for demonstration',1,'2026-04-20 14:47:31','submission',1,NULL,0,'PMPC-0003'),(4,'Server-Web-01','Web server for demonstration',1,'2026-04-20 14:47:31','submission',1,NULL,0,'PMSERVER-0004'),(5,'IP-Phone-302','VoIP phone in office',1,'2026-04-20 14:47:31','submission',1,NULL,0,'PMIPPHONE-0005'),(6,'Cisco Catalyst','Network switch for floor 1',1,'2026-04-20 14:47:31','submission',1,NULL,0,'PMNETWORK-0006'),(8,'Item Checklist - Untitled',NULL,1,'2026-04-20 14:50:52','submission',2,NULL,0,NULL),(9,'Untitled','Preventive Maintenance Submission',1,'2026-04-20 15:15:11','submission',1,NULL,0,'PMNETWORK-0009'),(10,'Item Checklist - Untitled',NULL,1,'2026-04-20 15:16:35','submission',2,NULL,0,'PMNETWORK-0009-20260420001'),(11,'Item Checklist - IP-Phone-302',NULL,1,'2026-04-20 15:23:20','submission',2,NULL,0,'PMIPPHONE-0005-20260420001'),(12,'Item Checklist - Server-Web-01',NULL,1,'2026-04-21 04:00:15','submission',2,NULL,0,'PMSERVER-0004-20260421001'),(13,'a','Preventive Maintenance Submission',1,'2026-04-21 05:15:13','submission',1,NULL,0,'PMPC-0013'),(14,'Item Checklist - a',NULL,1,'2026-04-21 05:16:18','submission',2,NULL,0,'PMPC-0013-20260421001'),(15,'Item Checklist - a',NULL,1,'2026-04-21 05:19:17','submission',2,NULL,0,'PMPC-0013-20260221001'),(16,'a a','Preventive Maintenance Submission',1,'2026-04-21 05:31:05','submission',1,NULL,0,'PMIPPHONE-0016'),(17,'Untitled','Preventive Maintenance Submission',1,'2026-04-29 04:17:17','submission',1,NULL,0,'PMWIFI-0017'),(18,'Untitled','Preventive Maintenance Submission',1,'2026-04-29 05:13:50','submission',1,NULL,0,'PMSERVER-0018'),(19,'Item Checklist - Untitled',NULL,1,'2026-04-29 05:14:11','submission',2,NULL,0,'PMSERVER-0018-20260429001'),(20,'a','Preventive Maintenance Submission',1,'2026-04-29 06:06:39','submission',1,NULL,0,'PMUPS-0020'),(21,'Untitled','Preventive Maintenance Submission',1,'2026-04-30 01:00:11','submission',1,NULL,0,'PMNETWORK-0021'),(22,'a','Preventive Maintenance Submission',1,'2026-04-30 01:10:25','submission',1,NULL,0,'PMCCTV-0022'),(23,'Item Checklist - a',NULL,1,'2026-04-30 01:10:44','submission',2,NULL,0,'PMCCTV-0022-20260430001'),(24,'Untitled','Preventive Maintenance Submission',1,'2026-04-30 01:11:55','submission',1,NULL,0,'PMWIFI-0024'),(25,'Item Checklist - Untitled',NULL,1,'2026-04-30 01:21:16','submission',2,NULL,0,'PMWIFI-0024-20260430001'),(26,'a','Preventive Maintenance Submission',1,'2026-05-01 13:33:31','submission',1,NULL,0,'PMNETWORK-0026'),(27,'Untitled','Preventive Maintenance Submission',1,'2026-05-01 15:54:15','submission',1,NULL,0,'PMPC-0027'),(28,'Item Checklist - Untitled',NULL,1,'2026-05-01 15:54:29','submission',2,NULL,0,'PMPC-0027-20260501001'),(29,'Item Checklist - Untitled',NULL,1,'2026-05-01 15:54:44','submission',2,NULL,0,'PMPC-0027-20260501002'),(30,'Server1','Preventive Maintenance Submission',1,'2026-05-01 15:58:09','submission',1,NULL,0,'PMSERVER-0030'),(31,'Item Checklist - Untitled',NULL,1,'2026-05-01 15:58:22','submission',2,NULL,0,'PMSERVER-0030-20260501001'),(32,'Item Checklist - Untitled',NULL,1,'2026-05-01 16:18:20','submission',2,NULL,0,'PMSERVER-0030-20260502001'),(33,'Item Checklist - a a',NULL,1,'2026-05-04 07:17:05','submission',2,NULL,0,'PMIPPHONE-0016-20260504001'),(34,'Item Checklist - Untitled',NULL,1,'2026-05-04 07:33:29','submission',2,NULL,0,'PMNETWORK-0026-20260504001'),(35,'q','Preventive Maintenance Submission',1,'2026-05-04 08:00:40','submission',1,NULL,0,'PMWIFI-0035'),(36,'Item Checklist - q',NULL,1,'2026-05-04 08:01:20','submission',2,NULL,0,'PMWIFI-0035-20260504001'),(37,'a a','Preventive Maintenance Submission',1,'2026-05-04 08:26:37','submission',1,NULL,0,'PMUPS-0037'),(38,'Item Checklist - a a',NULL,1,'2026-05-04 08:26:59','submission',2,NULL,0,'PMUPS-0037-20260504001'),(39,'Untitled','Preventive Maintenance Submission',1,'2026-05-05 04:13:30','submission',1,NULL,0,'PMCCTV-0039'),(40,'Item Checklist - Untitled',NULL,1,'2026-05-05 06:17:58','submission',2,NULL,0,'PMCCTV-0039-20260505001'),(41,'a','Preventive Maintenance Submission',1,'2026-05-05 07:06:46','submission',1,NULL,0,'PMPC-0041'),(42,'Item Checklist - a',NULL,1,'2026-05-05 07:07:05','submission',2,NULL,0,'PMPC-0041-20260505001'),(43,'asd','Preventive Maintenance Submission',1,'2026-05-05 07:07:26','submission',1,NULL,0,'PMNETWORK-0043'),(44,'Item Checklist - a',NULL,1,'2026-05-05 07:07:47','submission',2,NULL,0,'PMNETWORK-0043-20260505001'),(45,'Idk Tokyo','Preventive Maintenance Submission',1,'2026-05-06 02:19:52','submission',1,NULL,0,'PMIPPHONE-0045'),(46,'Item Checklist - Idk Tokyo',NULL,1,'2026-05-06 02:20:39','submission',2,NULL,0,'PMIPPHONE-0045-20260506001'),(47,'apollo-db','Preventive Maintenance Submission',1,'2026-05-06 02:52:04','submission',1,NULL,0,'PMSERVER-0047'),(48,'Item Checklist - apollo-db',NULL,1,'2026-05-06 02:53:21','submission',2,NULL,0,'PMSERVER-0047-20260506001'),(49,'COMPUTING_Redondo','Preventive Maintenance Submission',1,'2026-05-06 04:08:36','submission',1,NULL,0,'PMPC-0049'),(50,'Item Checklist - COMPUTING_Redondo',NULL,1,'2026-05-06 05:33:26','submission',2,NULL,0,'PMPC-0049-20260506001'),(51,'CONVERGE','Preventive Maintenance Submission',1,'2026-05-06 07:21:36','submission',1,NULL,0,'PMWIFI-0051'),(52,'Item Checklist - CONVERGE',NULL,1,'2026-05-06 07:22:15','submission',2,NULL,0,NULL),(53,'Eaton CyberPower CP1500PFCLCD','Preventive Maintenance Submission',1,'2026-05-07 06:00:12','submission',1,NULL,0,'PMUPS-0053'),(54,'Item Checklist - Eaton CyberPower CP1500PFCLCD',NULL,1,'2026-05-07 06:00:50','submission',2,NULL,0,'PMUPS-0053-20260507001'),(55,'Dahua','Preventive Maintenance Submission',1,'2026-05-07 07:37:43','submission',1,NULL,0,'PMCCTV-0055'),(56,'Item Checklist - Dahua',NULL,1,'2026-05-07 07:38:24','submission',2,NULL,0,'PMCCTV-0055-20260507001'),(57,'aba a','Preventive Maintenance Submission',1,'2026-05-14 07:10:25','submission',1,NULL,0,'PMIPPHONE-0057'),(58,'Item Checklist - aba a',NULL,1,'2026-05-14 07:11:02','submission',2,NULL,0,'PMIPPHONE-0057-20260514001'),(59,'Untitled','Preventive Maintenance Submission',1,'2026-05-15 05:56:12','submission',1,NULL,0,'PMIPPHONE-0059'),(61,'Item Checklist - aba a',NULL,1,'2026-05-15 06:35:59','submission',2,NULL,0,'PMIPPHONE-0057-20260515002'),(62,'Item Checklist - aba a',NULL,1,'2026-05-15 06:40:31','submission',2,NULL,0,'PMIPPHONE-0057-20260515004'),(64,'Item Checklist - aba a',NULL,1,'2026-05-15 06:44:27','submission',2,NULL,0,'PMIPPHONE-0057-20260515003'),(65,'a','Preventive Maintenance Submission',1,'2026-05-16 00:40:11','submission',1,NULL,0,'PMNETWORK-0065'),(66,'a a','Preventive Maintenance Submission',1,'2026-05-18 05:26:18','submission',1,NULL,0,'PMIPPHONE-0066'),(67,'Item Checklist - a a',NULL,1,'2026-05-19 03:05:33','submission',2,NULL,0,'PMIPPHONE-0066-20260519001'),(68,'Item Checklist - a',NULL,1,'2026-05-26 05:14:52','submission',2,NULL,0,'PMNETWORK-0065-20260526001'),(69,'Untitled','Preventive Maintenance Submission',1,'2026-05-26 05:31:00','submission',1,NULL,0,'PMPC-0069'),(70,'Desktop-001','Sample PC for demonstration',1,'2026-05-27 01:58:10','submission',1,NULL,0,NULL),(71,'Server-Web-01','Web server for demonstration',1,'2026-05-27 01:58:10','submission',1,NULL,0,NULL),(72,'IP-Phone-302','VoIP phone in office',1,'2026-05-27 01:58:10','submission',1,NULL,0,NULL),(73,'Managed Switch-Floor1','Network switch for floor 1',1,'2026-05-27 01:58:10','submission',1,NULL,0,NULL),(74,'Untitled','Preventive Maintenance Submission',1,'2026-05-27 02:15:07','submission',1,2,1,'PMPC-0074'),(75,'Untitled','Preventive Maintenance Submission',1,'2026-05-27 02:39:20','submission',1,2,0,'PMPC-0075'),(76,'Untitled','Preventive Maintenance Submission',1,'2026-05-27 03:44:57','submission',1,3,0,'PMSERVER-0076'),(77,'Untitled','Preventive Maintenance Submission',1,'2026-05-27 03:47:05','submission',1,4,0,'PMPC-0077'),(78,'Desktop-001','Sample PC for demonstration',1,'2026-05-27 10:45:30','submission',1,NULL,0,NULL),(79,'Server-Web-01','Web server for demonstration',1,'2026-05-27 10:45:30','submission',1,NULL,0,NULL),(80,'IP-Phone-302','VoIP phone in office',1,'2026-05-27 10:45:30','submission',1,NULL,0,NULL),(81,'Managed Switch-Floor1','Network switch for floor 1',1,'2026-05-27 10:45:30','submission',1,NULL,0,NULL),(82,'Untitled','Preventive Maintenance Submission',1,'2026-05-28 07:01:05','submission',1,4,0,'PMSERVER-0082');
/*!40000 ALTER TABLE `psm` ENABLE KEYS */;
UNLOCK TABLES;

--
-- Table structure for table `psm_value`
--

DROP TABLE IF EXISTS `psm_value`;
/*!40101 SET @saved_cs_client     = @@character_set_client */;
/*!40101 SET character_set_client = utf8 */;
CREATE TABLE `psm_value` (
  `psm_val_id` bigint(20) unsigned NOT NULL AUTO_INCREMENT,
  `psm_id` bigint(20) unsigned NOT NULL,
  `psm_var_id` bigint(20) unsigned NOT NULL,
  `value` text DEFAULT NULL,
  `status` varchar(50) DEFAULT NULL,
  `created_at` timestamp NOT NULL DEFAULT current_timestamp(),
  PRIMARY KEY (`psm_val_id`),
  UNIQUE KEY `psm_value_psm_var_unique` (`psm_id`,`psm_var_id`),
  KEY `psm_value_psm_var_id_foreign` (`psm_var_id`),
  CONSTRAINT `psm_value_psm_id_foreign` FOREIGN KEY (`psm_id`) REFERENCES `psm` (`psm_id`) ON DELETE CASCADE ON UPDATE CASCADE,
  CONSTRAINT `psm_value_psm_var_id_foreign` FOREIGN KEY (`psm_var_id`) REFERENCES `psm_variable` (`psm_var_id`) ON DELETE CASCADE ON UPDATE CASCADE
) ENGINE=InnoDB AUTO_INCREMENT=1555 DEFAULT CHARSET=utf8mb4 COLLATE=utf8mb4_unicode_ci;
/*!40101 SET character_set_client = @saved_cs_client */;

--
-- Dumping data for table `psm_value`
--

LOCK TABLES `psm_value` WRITE;
/*!40000 ALTER TABLE `psm_value` DISABLE KEYS */;
INSERT INTO `psm_value` VALUES (42,8,52,'7',NULL,'2026-04-20 14:50:53'),(43,8,59,'ok','ok','2026-04-20 14:50:53'),(44,8,60,'ok','ok','2026-04-20 14:50:53'),(45,8,61,'repair','repair','2026-04-20 14:50:53'),(46,8,62,'ok','ok','2026-04-20 14:50:53'),(47,8,63,'repair','repair','2026-04-20 14:50:53'),(48,8,64,'ok','ok','2026-04-20 14:50:53'),(49,8,65,'ok','ok','2026-04-20 14:50:53'),(50,8,66,'repair','repair','2026-04-20 14:50:53'),(51,8,67,'ok','ok','2026-04-20 14:50:53'),(52,8,68,'repair','repair','2026-04-20 14:50:53'),(53,8,69,'ok','ok','2026-04-20 14:50:53'),(54,8,70,'ok','ok','2026-04-20 14:50:53'),(57,10,52,'9',NULL,'2026-04-20 15:16:35'),(58,10,54,'2026-04',NULL,'2026-04-20 15:16:35'),(59,10,59,'ok','ok','2026-04-20 15:16:35'),(60,10,60,'repair','repair','2026-04-20 15:16:35'),(61,10,61,'repair','repair','2026-04-20 15:16:35'),(62,10,62,'ok','ok','2026-04-20 15:16:35'),(63,10,63,'ok','ok','2026-04-20 15:16:35'),(64,10,64,'na','na','2026-04-20 15:16:35'),(65,10,65,'na','na','2026-04-20 15:16:35'),(66,10,66,'na','na','2026-04-20 15:16:35'),(67,10,67,'na','na','2026-04-20 15:16:35'),(68,10,68,'na','na','2026-04-20 15:16:35'),(69,10,69,'na','na','2026-04-20 15:16:35'),(70,10,70,'na','na','2026-04-20 15:16:35'),(71,10,71,'ok','ok','2026-04-20 15:16:35'),(72,10,72,'ok','ok','2026-04-20 15:16:35'),(73,10,73,'repair','repair','2026-04-20 15:16:35'),(74,10,74,'repair','repair','2026-04-20 15:16:35'),(75,10,75,'repair','repair','2026-04-20 15:16:35'),(76,10,76,'ok','ok','2026-04-20 15:16:35'),(77,10,77,'repair','repair','2026-04-20 15:16:35'),(78,10,78,'repair','repair','2026-04-20 15:16:35'),(79,10,79,'ok','ok','2026-04-20 15:16:35'),(80,10,80,'ok','ok','2026-04-20 15:16:35'),(81,10,81,'repair','repair','2026-04-20 15:16:35'),(82,10,82,'ok','ok','2026-04-20 15:16:35'),(83,10,83,'ok','ok','2026-04-20 15:16:35'),(84,10,84,'repair','repair','2026-04-20 15:16:35'),(85,10,85,'ok','ok','2026-04-20 15:16:35'),(86,10,86,'repair','repair','2026-04-20 15:16:35'),(87,10,87,'repair','repair','2026-04-20 15:16:35'),(88,10,88,'ok','ok','2026-04-20 15:16:35'),(89,10,89,'ok','ok','2026-04-20 15:16:35'),(90,10,90,'repair','repair','2026-04-20 15:16:35'),(91,10,91,'ok','ok','2026-04-20 15:16:35'),(92,10,103,'ok','ok','2026-04-20 15:16:35'),(93,11,52,'5',NULL,'2026-04-20 15:23:20'),(94,11,54,'2026-01',NULL,'2026-04-20 15:23:20'),(95,11,56,'a',NULL,'2026-04-20 15:23:20'),(96,11,59,'ok','ok','2026-04-20 15:23:20'),(97,11,60,'repair','repair','2026-04-20 15:23:20'),(98,11,61,'repair','repair','2026-04-20 15:23:21'),(99,11,62,'ok','ok','2026-04-20 15:23:21'),(100,11,63,'ok','ok','2026-04-20 15:23:21'),(101,11,64,'repair','repair','2026-04-20 15:23:21'),(102,11,65,'ok','ok','2026-04-20 15:23:21'),(103,11,66,'ok','ok','2026-04-20 15:23:21'),(104,11,67,'repair','repair','2026-04-20 15:23:21'),(105,11,68,'ok','ok','2026-04-20 15:23:21'),(106,11,69,'repair','repair','2026-04-20 15:23:21'),(107,11,70,'na','na','2026-04-20 15:23:21'),(108,11,71,'na','na','2026-04-20 15:23:21'),(109,11,72,'na','na','2026-04-20 15:23:21'),(110,12,52,'4',NULL,'2026-04-21 04:00:16'),(111,12,54,'2026-03',NULL,'2026-04-21 04:00:16'),(112,12,59,'ok','ok','2026-04-21 04:00:16'),(113,12,60,'repair','repair','2026-04-21 04:00:16'),(114,12,61,'ok','ok','2026-04-21 04:00:16'),(115,12,66,'ok','ok','2026-04-21 04:00:16'),(116,12,77,'ok','ok','2026-04-21 04:00:16'),(142,14,52,'13',NULL,'2026-04-21 05:16:18'),(143,14,56,'a',NULL,'2026-04-21 05:16:18'),(144,14,57,'a',NULL,'2026-04-21 05:16:18'),(145,14,59,'ok','ok','2026-04-21 05:16:18'),(146,14,60,'repair','repair','2026-04-21 05:16:18'),(147,14,81,'ok','ok','2026-04-21 05:16:18'),(148,15,52,'13',NULL,'2026-04-21 05:19:17'),(149,15,56,'as',NULL,'2026-04-21 05:19:17'),(150,15,57,'s',NULL,'2026-04-21 05:19:17'),(151,15,59,'ok','ok','2026-04-21 05:19:17'),(152,15,60,'ok','ok','2026-04-21 05:19:17'),(153,15,53,'2026-02-21',NULL,'2026-04-21 05:19:55'),(166,8,56,'Ken G. Ebal',NULL,'2026-04-27 06:17:49'),(167,8,71,'repair','repair','2026-04-27 06:18:58'),(168,8,72,'repair','repair','2026-04-27 06:18:58'),(183,19,52,'18',NULL,'2026-04-29 05:14:11'),(184,19,56,'agot',NULL,'2026-04-29 05:14:11'),(185,19,59,'ok','ok','2026-04-29 05:14:11'),(203,23,52,'22',NULL,'2026-04-30 01:10:44'),(204,23,56,'a',NULL,'2026-04-30 01:10:44'),(205,23,59,'na','na','2026-04-30 01:10:45'),(206,23,60,'repair','repair','2026-04-30 01:10:45'),(207,23,61,'ok','ok','2026-04-30 01:10:45'),(208,23,62,'ok','ok','2026-04-30 01:10:45'),(209,23,63,'repair','repair','2026-04-30 01:10:45'),(210,23,64,'repair','repair','2026-04-30 01:10:45'),(211,23,65,'ok','ok','2026-04-30 01:10:45'),(212,23,66,'repair','repair','2026-04-30 01:10:45'),(213,23,67,'ok','ok','2026-04-30 01:10:45'),(215,25,52,'24',NULL,'2026-04-30 01:21:16'),(219,28,52,'27',NULL,'2026-05-01 15:54:30'),(220,28,53,'2026-05-01',NULL,'2026-05-01 15:54:30'),(221,28,54,'2026-05',NULL,'2026-05-01 15:54:30'),(222,29,52,'27',NULL,'2026-05-01 15:54:44'),(223,29,53,'2026-05-01',NULL,'2026-05-01 15:54:44'),(224,29,54,'2026-05',NULL,'2026-05-01 15:54:44'),(228,31,52,'30',NULL,'2026-05-01 15:58:22'),(229,31,53,'2026-05-01',NULL,'2026-05-01 15:58:22'),(230,31,54,'2026-05',NULL,'2026-05-01 15:58:22'),(233,32,52,'30',NULL,'2026-05-01 16:18:21'),(234,32,53,'2026-05-02',NULL,'2026-05-01 16:18:21'),(235,32,54,'2026-05',NULL,'2026-05-01 16:18:21'),(236,32,59,'ok','ok','2026-05-01 16:18:21'),(386,33,52,'16',NULL,'2026-05-04 07:17:05'),(387,33,53,'2026-05-04',NULL,'2026-05-04 07:17:05'),(388,33,54,'2026-05',NULL,'2026-05-04 07:17:05'),(389,33,56,'a',NULL,'2026-05-04 07:17:05'),(390,33,59,'ok','ok','2026-05-04 07:17:05'),(391,33,60,'repair','repair','2026-05-04 07:17:05'),(392,34,52,'26',NULL,'2026-05-04 07:33:29'),(393,34,53,'2026-05-04',NULL,'2026-05-04 07:33:29'),(394,34,54,'2026-05',NULL,'2026-05-04 07:33:29'),(395,34,56,'Ken G. Ebal',NULL,'2026-05-04 07:33:29'),(396,34,59,'ok','ok','2026-05-04 07:33:29'),(397,34,60,'na','na','2026-05-04 07:33:29'),(398,34,61,'repair','repair','2026-05-04 07:33:29'),(399,34,62,'ok','ok','2026-05-04 07:33:30'),(400,34,63,'na','na','2026-05-04 07:33:30'),(401,34,64,'repair','repair','2026-05-04 07:33:30'),(402,34,65,'ok','ok','2026-05-04 07:33:30'),(403,34,66,'repair','repair','2026-05-04 07:33:30'),(404,34,67,'na','na','2026-05-04 07:33:30'),(405,34,68,'ok','ok','2026-05-04 07:33:30'),(406,34,69,'repair','repair','2026-05-04 07:33:30'),(407,34,70,'ok','ok','2026-05-04 07:33:30'),(439,36,52,'35',NULL,'2026-05-04 08:01:20'),(440,36,53,'2026-05-04',NULL,'2026-05-04 08:01:20'),(441,36,54,'2026-05',NULL,'2026-05-04 08:01:20'),(442,36,56,'Kent Christian Ebin',NULL,'2026-05-04 08:01:20'),(443,36,59,'ok','ok','2026-05-04 08:01:20'),(444,36,60,'repair','repair','2026-05-04 08:01:20'),(445,36,61,'ok','ok','2026-05-04 08:01:20'),(446,36,62,'na','na','2026-05-04 08:01:20'),(447,36,63,'repair','repair','2026-05-04 08:01:20'),(448,36,64,'repair','repair','2026-05-04 08:01:20'),(449,36,65,'na','na','2026-05-04 08:01:20'),(450,36,66,'ok','ok','2026-05-04 08:01:20'),(451,36,67,'ok','ok','2026-05-04 08:01:21'),(452,36,68,'repair','repair','2026-05-04 08:01:21'),(453,36,69,'ok','ok','2026-05-04 08:01:21'),(454,36,70,'na','na','2026-05-04 08:01:21'),(467,38,52,'37',NULL,'2026-05-04 08:26:59'),(468,38,53,'2026-05-04',NULL,'2026-05-04 08:26:59'),(469,38,54,'2026-05',NULL,'2026-05-04 08:26:59'),(470,38,56,'Quinn Nacua',NULL,'2026-05-04 08:26:59'),(471,38,59,'ok','ok','2026-05-04 08:26:59'),(472,38,60,'repair','repair','2026-05-04 08:26:59'),(473,38,61,'ok','ok','2026-05-04 08:26:59'),(474,38,63,'repair','repair','2026-05-04 08:26:59'),(475,38,64,'ok','ok','2026-05-04 08:26:59'),(476,38,65,'ok','ok','2026-05-04 08:26:59'),(477,38,66,'ok','ok','2026-05-04 08:26:59'),(478,38,67,'na','na','2026-05-04 08:26:59'),(497,40,52,'39',NULL,'2026-05-05 06:17:58'),(498,40,53,'2026-05-05',NULL,'2026-05-05 06:17:58'),(499,40,54,'2026-05',NULL,'2026-05-05 06:17:58'),(500,40,56,'Ken G. Ebal',NULL,'2026-05-05 06:17:58'),(501,40,59,'ok','ok','2026-05-05 06:17:58'),(502,40,60,'repair','repair','2026-05-05 06:17:58'),(503,40,62,'ok','ok','2026-05-05 06:17:58'),(504,40,63,'repair','repair','2026-05-05 06:17:58'),(505,40,64,'na','na','2026-05-05 06:17:58'),(506,40,65,'ok','ok','2026-05-05 06:17:58'),(507,40,66,'repair','repair','2026-05-05 06:17:58'),(508,40,67,'ok','ok','2026-05-05 06:17:58'),(509,32,56,'awa',NULL,'2026-05-05 06:55:43'),(543,42,52,'41',NULL,'2026-05-05 07:07:06'),(544,42,53,'2026-05-05',NULL,'2026-05-05 07:07:06'),(545,42,54,'2026-05',NULL,'2026-05-05 07:07:06'),(546,42,56,'Ken G. Ebal',NULL,'2026-05-05 07:07:06'),(547,42,59,'ok','ok','2026-05-05 07:07:06'),(548,42,60,'ok','ok','2026-05-05 07:07:06'),(549,42,61,'repair','repair','2026-05-05 07:07:06'),(550,42,89,'ok','ok','2026-05-05 07:07:06'),(565,44,52,'43',NULL,'2026-05-05 07:07:48'),(566,44,53,'2026-05-05',NULL,'2026-05-05 07:07:48'),(567,44,54,'2026-05',NULL,'2026-05-05 07:07:48'),(568,44,56,'Ken G. Ebal',NULL,'2026-05-05 07:07:48'),(569,44,58,'Carlo Matin A. Sarausa',NULL,'2026-05-05 07:07:48'),(570,44,59,'ok','ok','2026-05-05 07:07:48'),(571,44,60,'repair','repair','2026-05-05 07:07:48'),(572,44,61,'na','na','2026-05-05 07:07:48'),(573,44,62,'ok','ok','2026-05-05 07:07:48'),(574,44,63,'repair','repair','2026-05-05 07:07:48'),(575,44,64,'repair','repair','2026-05-05 07:07:48'),(576,44,65,'ok','ok','2026-05-05 07:07:48'),(577,44,66,'repair','repair','2026-05-05 07:07:48'),(578,44,67,'ok','ok','2026-05-05 07:07:48'),(579,44,68,'repair','repair','2026-05-05 07:07:48'),(580,44,69,'ok','ok','2026-05-05 07:07:48'),(581,44,70,'repair','repair','2026-05-05 07:07:48'),(582,43,6,'network_device',NULL,'2026-05-06 01:17:54'),(583,43,1,'John Axl T. Redondo',NULL,'2026-05-06 01:17:54'),(584,43,2,'College of Information Sciences and Computing',NULL,'2026-05-06 01:17:54'),(585,43,3,'Information technology',NULL,'2026-05-06 01:17:54'),(586,43,46,'a123',NULL,'2026-05-06 01:17:54'),(587,43,47,'asd',NULL,'2026-05-06 01:17:54'),(588,43,48,'123',NULL,'2026-05-06 01:17:54'),(589,43,49,'sdaa',NULL,'2026-05-06 01:17:54'),(590,43,101,'asd',NULL,'2026-05-06 01:17:54'),(591,43,50,'da',NULL,'2026-05-06 01:17:54'),(592,43,102,'dsa',NULL,'2026-05-06 01:17:54'),(593,43,51,'dasdasd',NULL,'2026-05-06 01:17:54'),(594,43,5,'2026-05-06',NULL,'2026-05-06 01:17:54'),(595,43,4,'2026-05-05',NULL,'2026-05-06 01:17:54'),(610,46,52,'45',NULL,'2026-05-06 02:20:40'),(611,46,53,'2026-05-06',NULL,'2026-05-06 02:20:40'),(612,46,54,'2026-05',NULL,'2026-05-06 02:20:40'),(613,46,56,'Marlew Neil Bolinas',NULL,'2026-05-06 02:20:40'),(614,46,58,'Carlo Matin A. Sarausa',NULL,'2026-05-06 02:20:40'),(615,46,59,'ok','ok','2026-05-06 02:20:40'),(616,46,60,'repair','repair','2026-05-06 02:20:40'),(617,46,61,'repair','repair','2026-05-06 02:20:40'),(618,46,62,'ok','ok','2026-05-06 02:20:40'),(619,46,63,'na','na','2026-05-06 02:20:40'),(620,46,64,'repair','repair','2026-05-06 02:20:40'),(621,46,65,'ok','ok','2026-05-06 02:20:40'),(622,46,66,'repair','repair','2026-05-06 02:20:40'),(623,46,67,'ok','ok','2026-05-06 02:20:40'),(624,46,68,'repair','repair','2026-05-06 02:20:40'),(625,46,69,'na','na','2026-05-06 02:20:40'),(626,46,70,'na','na','2026-05-06 02:20:40'),(627,46,71,'repair','repair','2026-05-06 02:20:40'),(628,46,72,'ok','ok','2026-05-06 02:20:40'),(660,48,52,'47',NULL,'2026-05-06 02:53:22'),(661,48,53,'2026-05-06',NULL,'2026-05-06 02:53:22'),(662,48,54,'2026-05',NULL,'2026-05-06 02:53:22'),(663,48,56,'Marlew Neil Bolinas',NULL,'2026-05-06 02:53:22'),(664,48,58,'Carlo Matin A. Sarausa',NULL,'2026-05-06 02:53:22'),(665,48,59,'ok','ok','2026-05-06 02:53:22'),(666,48,60,'repair','repair','2026-05-06 02:53:22'),(667,48,61,'na','na','2026-05-06 02:53:22'),(668,48,62,'ok','ok','2026-05-06 02:53:22'),(669,48,63,'repair','repair','2026-05-06 02:53:22'),(670,48,64,'ok','ok','2026-05-06 02:53:22'),(671,48,65,'repair','repair','2026-05-06 02:53:22'),(672,48,66,'ok','ok','2026-05-06 02:53:22'),(673,48,67,'repair','repair','2026-05-06 02:53:22'),(674,48,68,'na','na','2026-05-06 02:53:22'),(675,48,69,'repair','repair','2026-05-06 02:53:22'),(676,48,70,'ok','ok','2026-05-06 02:53:22'),(677,48,71,'repair','repair','2026-05-06 02:53:22'),(678,48,73,'ok','ok','2026-05-06 02:53:22'),(679,48,74,'repair','repair','2026-05-06 02:53:22'),(680,48,75,'na','na','2026-05-06 02:53:22'),(681,48,76,'repair','repair','2026-05-06 02:53:22'),(682,48,77,'ok','ok','2026-05-06 02:53:22'),(683,48,78,'repair','repair','2026-05-06 02:53:22'),(684,48,79,'repair','repair','2026-05-06 02:53:22'),(685,48,80,'ok','ok','2026-05-06 02:53:22'),(686,48,81,'repair','repair','2026-05-06 02:53:22'),(687,48,82,'ok','ok','2026-05-06 02:53:22'),(688,48,83,'na','na','2026-05-06 02:53:22'),(689,48,84,'na','na','2026-05-06 02:53:22'),(690,48,85,'na','na','2026-05-06 02:53:22'),(691,48,86,'ok','ok','2026-05-06 02:53:22'),(692,48,87,'repair','repair','2026-05-06 02:53:22'),(693,49,6,'pc',NULL,'2026-05-06 04:08:36'),(694,49,1,'John Axl Redondo',NULL,'2026-05-06 04:08:36'),(695,49,2,'College of Information Sciences and Computing',NULL,'2026-05-06 04:08:36'),(696,49,3,'Information Technology',NULL,'2026-05-06 04:08:36'),(697,49,15,'1',NULL,'2026-05-06 04:08:36'),(698,49,16,'idk',NULL,'2026-05-06 04:08:36'),(699,49,20,'1',NULL,'2026-05-06 04:08:36'),(700,49,21,'Windows 11 Home',NULL,'2026-05-06 04:08:36'),(701,49,28,'1',NULL,'2026-05-06 04:08:36'),(702,49,29,'aaaa',NULL,'2026-05-06 04:08:36'),(703,49,44,'0A-00-27-00-00-0B',NULL,'2026-05-06 04:08:36'),(704,49,8,'1',NULL,'2026-05-06 04:08:36'),(705,49,9,'1',NULL,'2026-05-06 04:08:36'),(706,49,10,'1',NULL,'2026-05-06 04:08:36'),(707,49,12,'1',NULL,'2026-05-06 04:08:36'),(708,49,13,'1',NULL,'2026-05-06 04:08:36'),(709,49,22,'1',NULL,'2026-05-06 04:08:36'),(710,49,23,'1',NULL,'2026-05-06 04:08:36'),(711,49,24,'1',NULL,'2026-05-06 04:08:36'),(712,49,25,'1',NULL,'2026-05-06 04:08:36'),(713,49,26,'1',NULL,'2026-05-06 04:08:36'),(714,49,27,'1',NULL,'2026-05-06 04:08:36'),(715,49,30,'Intel Core i7 1255U',NULL,'2026-05-06 04:08:36'),(716,49,31,'ASUSTeK COMPUTER INC',NULL,'2026-05-06 04:08:36'),(717,49,32,'16.0GB',NULL,'2026-05-06 04:08:36'),(718,49,33,'Intel Iris Xe Graphics',NULL,'2026-05-06 04:08:36'),(719,49,34,'476GB NVMe HFS512GEJ9X108N',NULL,'2026-05-06 04:08:36'),(720,49,36,'Asus',NULL,'2026-05-06 04:08:36'),(721,49,39,'Asus',NULL,'2026-05-06 04:08:36'),(722,49,40,'Attack Shark Model X11',NULL,'2026-05-06 04:08:36'),(723,49,43,'EPSON L4160 Series',NULL,'2026-05-06 04:08:36'),(724,49,5,'2026-05-06',NULL,'2026-05-06 04:08:36'),(725,49,4,'2026-05-06',NULL,'2026-05-06 04:08:36'),(726,50,52,'49',NULL,'2026-05-06 05:33:27'),(727,50,53,'2026-05-06',NULL,'2026-05-06 05:33:27'),(728,50,54,'2026-05',NULL,'2026-05-06 05:33:27'),(729,50,56,'Marlew Neil Bolinas',NULL,'2026-05-06 05:33:27'),(730,50,57,'Ken G. Ebal',NULL,'2026-05-06 05:33:27'),(731,50,59,'ok','ok','2026-05-06 05:33:27'),(732,50,60,'repair','repair','2026-05-06 05:33:27'),(733,50,61,'na','na','2026-05-06 05:33:27'),(734,50,62,'repair','repair','2026-05-06 05:33:27'),(735,50,63,'ok','ok','2026-05-06 05:33:27'),(736,50,64,'repair','repair','2026-05-06 05:33:27'),(737,50,65,'na','na','2026-05-06 05:33:27'),(738,50,66,'ok','ok','2026-05-06 05:33:27'),(739,50,67,'na','na','2026-05-06 05:33:27'),(740,50,68,'repair','repair','2026-05-06 05:33:27'),(741,50,69,'repair','repair','2026-05-06 05:33:27'),(742,50,70,'na','na','2026-05-06 05:33:27'),(743,50,71,'ok','ok','2026-05-06 05:33:27'),(744,50,72,'ok','ok','2026-05-06 05:33:27'),(745,50,73,'repair','repair','2026-05-06 05:33:27'),(746,50,74,'ok','ok','2026-05-06 05:33:27'),(747,50,75,'na','na','2026-05-06 05:33:27'),(748,50,76,'repair','repair','2026-05-06 05:33:27'),(749,50,77,'na','na','2026-05-06 05:33:27'),(750,50,78,'ok','ok','2026-05-06 05:33:27'),(751,50,79,'na','na','2026-05-06 05:33:27'),(752,50,80,'repair','repair','2026-05-06 05:33:27'),(753,50,81,'repair','repair','2026-05-06 05:33:27'),(754,50,82,'repair','repair','2026-05-06 05:33:27'),(755,50,83,'repair','repair','2026-05-06 05:33:27'),(756,50,84,'repair','repair','2026-05-06 05:33:27'),(757,50,85,'ok','ok','2026-05-06 05:33:27'),(758,50,86,'na','na','2026-05-06 05:33:27'),(759,50,87,'ok','ok','2026-05-06 05:33:27'),(760,50,88,'repair','repair','2026-05-06 05:33:27'),(761,50,89,'na','na','2026-05-06 05:33:27'),(762,50,90,'repair','repair','2026-05-06 05:33:27'),(763,50,91,'ok','ok','2026-05-06 05:33:27'),(799,51,6,'wifi',NULL,'2026-05-06 07:21:36'),(800,51,1,'John Axl Redondo',NULL,'2026-05-06 07:21:36'),(801,51,2,'College of Information Sciences and Computing',NULL,'2026-05-06 07:21:36'),(802,51,3,'Information Technology',NULL,'2026-05-06 07:21:36'),(803,51,104,'POE',NULL,'2026-05-06 07:21:36'),(804,51,105,'CONVERGE',NULL,'2026-05-06 07:21:36'),(805,51,106,'Model',NULL,'2026-05-06 07:21:36'),(806,51,107,'11235',NULL,'2026-05-06 07:21:36'),(807,51,108,'A0-00-00-3B-00-2A',NULL,'2026-05-06 07:21:36'),(808,51,109,'Information Sciences and Computing',NULL,'2026-05-06 07:21:36'),(809,51,110,'192.168.170.0',NULL,'2026-05-06 07:21:36'),(810,51,111,'10',NULL,'2026-05-06 07:21:36'),(811,51,112,'DTO Tech',NULL,'2026-05-06 07:21:36'),(812,51,113,'12345678',NULL,'2026-05-06 07:21:36'),(813,51,114,'Cartoon Network',NULL,'2026-05-06 07:21:37'),(814,51,5,'2026-05-06',NULL,'2026-05-06 07:21:37'),(815,51,4,'2026-05-06',NULL,'2026-05-06 07:21:37'),(816,52,52,'51',NULL,'2026-05-06 07:22:15'),(817,52,53,'2026-05-06',NULL,'2026-05-06 07:22:15'),(818,52,54,'2026-05',NULL,'2026-05-06 07:22:15'),(819,52,56,'Marlew Neel Bolinas',NULL,'2026-05-06 07:22:15'),(820,52,58,'Carlo Matin A. Sarausa',NULL,'2026-05-06 07:22:15'),(821,52,59,'repair','repair','2026-05-06 07:22:15'),(822,52,60,'ok','ok','2026-05-06 07:22:15'),(823,52,61,'repair','repair','2026-05-06 07:22:15'),(824,52,62,'na','na','2026-05-06 07:22:15'),(825,52,63,'repair','repair','2026-05-06 07:22:15'),(826,52,64,'ok','ok','2026-05-06 07:22:15'),(827,52,65,'repair','repair','2026-05-06 07:22:15'),(828,52,66,'repair','repair','2026-05-06 07:22:15'),(829,52,67,'na','na','2026-05-06 07:22:15'),(830,52,68,'repair','repair','2026-05-06 07:22:15'),(831,52,69,'ok','ok','2026-05-06 07:22:15'),(832,52,70,'na','na','2026-05-06 07:22:15'),(833,53,6,'ups',NULL,'2026-05-07 06:00:12'),(834,53,1,'John Axl T. Redondo',NULL,'2026-05-07 06:00:12'),(835,53,2,'College of Information Sciences and Computing',NULL,'2026-05-07 06:00:12'),(836,53,3,'Information Technology',NULL,'2026-05-07 06:00:12'),(837,53,115,'Standard',NULL,'2026-05-07 06:00:12'),(838,53,116,'Eaton',NULL,'2026-05-07 06:00:12'),(839,53,117,'CyberPower CP1500PFCLCD',NULL,'2026-05-07 06:00:12'),(840,53,118,'00-7A-00-00-LP-02',NULL,'2026-05-07 06:00:12'),(841,53,119,'12129412',NULL,'2026-05-07 06:00:12'),(842,53,120,'12V',NULL,'2026-05-07 06:00:12'),(843,53,5,'2026-05-07',NULL,'2026-05-07 06:00:12'),(844,53,4,'2026-05-07',NULL,'2026-05-07 06:00:12'),(845,54,52,'53',NULL,'2026-05-07 06:00:50'),(846,54,53,'2026-05-07',NULL,'2026-05-07 06:00:50'),(847,54,54,'2026-05',NULL,'2026-05-07 06:00:50'),(848,54,56,'Marlew Neil Bolinas',NULL,'2026-05-07 06:00:50'),(849,54,58,'Carlo Matin A. Sarausa',NULL,'2026-05-07 06:00:50'),(850,54,59,'ok','ok','2026-05-07 06:00:50'),(851,54,60,'repair','repair','2026-05-07 06:00:50'),(852,54,61,'ok','ok','2026-05-07 06:00:50'),(853,54,62,'na','na','2026-05-07 06:00:50'),(854,54,63,'repair','repair','2026-05-07 06:00:50'),(855,54,64,'ok','ok','2026-05-07 06:00:50'),(856,54,65,'repair','repair','2026-05-07 06:00:50'),(857,54,66,'ok','ok','2026-05-07 06:00:50'),(858,54,67,'repair','repair','2026-05-07 06:00:50'),(859,55,6,'cctv',NULL,'2026-05-07 07:37:43'),(860,55,1,'John Axl T. Redondo',NULL,'2026-05-07 07:37:43'),(861,55,2,'College of Information Sciences and Computing',NULL,'2026-05-07 07:37:43'),(862,55,3,'Information Technology',NULL,'2026-05-07 07:37:43'),(863,55,121,'POE',NULL,'2026-05-07 07:37:43'),(864,55,122,'Dahua',NULL,'2026-05-07 07:37:43'),(865,55,123,'Network Camera',NULL,'2026-05-07 07:37:43'),(866,55,124,'12301239',NULL,'2026-05-07 07:37:43'),(867,55,125,'00-12-34-56-78',NULL,'2026-05-07 07:37:43'),(868,55,126,'Information Technology',NULL,'2026-05-07 07:37:43'),(869,55,127,'192.168.170.0',NULL,'2026-05-07 07:37:43'),(870,55,128,'10',NULL,'2026-05-07 07:37:43'),(871,55,5,'2026-05-07',NULL,'2026-05-07 07:37:43'),(872,55,4,'2026-05-07',NULL,'2026-05-07 07:37:43'),(873,56,52,'55',NULL,'2026-05-07 07:38:24'),(874,56,53,'2026-05-07',NULL,'2026-05-07 07:38:24'),(875,56,54,'2026-05',NULL,'2026-05-07 07:38:24'),(876,56,56,'Marlew Neel Bolinas',NULL,'2026-05-07 07:38:24'),(877,56,58,'Carlo Matin A. Sarausa',NULL,'2026-05-07 07:38:24'),(878,56,59,'ok','ok','2026-05-07 07:38:24'),(879,56,60,'repair','repair','2026-05-07 07:38:24'),(880,56,61,'na','na','2026-05-07 07:38:24'),(881,56,62,'ok','ok','2026-05-07 07:38:24'),(882,56,63,'repair','repair','2026-05-07 07:38:24'),(883,56,64,'na','na','2026-05-07 07:38:24'),(884,56,65,'ok','ok','2026-05-07 07:38:24'),(885,56,66,'repair','repair','2026-05-07 07:38:24'),(886,56,67,'ok','ok','2026-05-07 07:38:24'),(887,57,6,'ip_phone',NULL,'2026-05-14 07:10:25'),(888,57,1,'NACUA QUINN',NULL,'2026-05-14 07:10:25'),(889,57,2,'College of Information Sciences and Computing',NULL,'2026-05-14 07:10:25'),(890,57,3,'BSIT',NULL,'2026-05-14 07:10:25'),(891,57,44,'a',NULL,'2026-05-14 07:10:25'),(892,57,94,'aba',NULL,'2026-05-14 07:10:25'),(893,57,95,'a',NULL,'2026-05-14 07:10:25'),(894,57,96,'a',NULL,'2026-05-14 07:10:25'),(895,57,97,'a',NULL,'2026-05-14 07:10:25'),(896,57,98,'a',NULL,'2026-05-14 07:10:25'),(897,57,99,'a',NULL,'2026-05-14 07:10:25'),(898,57,100,'a',NULL,'2026-05-14 07:10:25'),(899,57,129,'preventive-maintenance/photos/kR3zI1Umxm3ddEkENmGYLmVVcxVvRTEA3hWgyjGS.jpg',NULL,'2026-05-14 07:10:25'),(900,57,5,'2026-05-14',NULL,'2026-05-14 07:10:25'),(901,57,4,'2026-05-14',NULL,'2026-05-14 07:10:25'),(902,58,52,'57',NULL,'2026-05-14 07:11:03'),(903,58,53,'2026-05-14',NULL,'2026-05-14 07:11:03'),(904,58,54,'2026-05',NULL,'2026-05-14 07:11:03'),(905,58,56,'a',NULL,'2026-05-14 07:11:03'),(906,58,58,'Carlo Matin A. Sarausa',NULL,'2026-05-14 07:11:03'),(907,58,59,'ok','ok','2026-05-14 07:11:03'),(908,58,60,'repair','repair','2026-05-14 07:11:03'),(909,58,61,'na','na','2026-05-14 07:11:03'),(910,58,62,'na','na','2026-05-14 07:11:03'),(911,58,63,'ok','ok','2026-05-14 07:11:03'),(912,58,64,'repair','repair','2026-05-14 07:11:03'),(913,58,65,'repair','repair','2026-05-14 07:11:03'),(914,58,66,'na','na','2026-05-14 07:11:03'),(915,58,67,'ok','ok','2026-05-14 07:11:03'),(916,58,68,'repair','repair','2026-05-14 07:11:03'),(917,58,69,'ok','ok','2026-05-14 07:11:03'),(918,58,70,'na','na','2026-05-14 07:11:03'),(919,58,71,'repair','repair','2026-05-14 07:11:03'),(920,58,72,'ok','ok','2026-05-14 07:11:03'),(944,61,52,'57',NULL,'2026-05-15 06:35:59'),(945,61,53,'2026-05-15',NULL,'2026-05-15 06:35:59'),(946,61,54,'2026-05',NULL,'2026-05-15 06:35:59'),(947,61,56,'a',NULL,'2026-05-15 06:35:59'),(948,61,58,'Carlo Matin A. Sarausa',NULL,'2026-05-15 06:35:59'),(949,61,59,'ok','ok','2026-05-15 06:35:59'),(950,61,60,'repair','repair','2026-05-15 06:35:59'),(951,61,61,'na','na','2026-05-15 06:35:59'),(952,61,62,'ok','ok','2026-05-15 06:35:59'),(953,61,63,'repair','repair','2026-05-15 06:35:59'),(954,61,64,'ok','ok','2026-05-15 06:35:59'),(955,61,65,'repair','repair','2026-05-15 06:35:59'),(956,61,66,'ok','ok','2026-05-15 06:35:59'),(957,61,67,'na','na','2026-05-15 06:35:59'),(958,61,68,'repair','repair','2026-05-15 06:35:59'),(959,61,69,'ok','ok','2026-05-15 06:35:59'),(960,61,70,'repair','repair','2026-05-15 06:35:59'),(961,61,71,'repair','repair','2026-05-15 06:35:59'),(962,61,72,'ok','ok','2026-05-15 06:35:59'),(963,62,52,'57',NULL,'2026-05-15 06:40:31'),(964,62,53,'2026-05-15',NULL,'2026-05-15 06:40:31'),(965,62,54,'2026-05',NULL,'2026-05-15 06:40:31'),(966,62,56,'John Fitzgerald Agot',NULL,'2026-05-15 06:40:31'),(967,62,58,'Carlo Matin A. Sarausa',NULL,'2026-05-15 06:40:31'),(968,62,59,'ok','ok','2026-05-15 06:40:31'),(969,62,72,'repair','repair','2026-05-15 06:40:31'),(977,64,52,'57',NULL,'2026-05-15 06:44:27'),(978,64,53,'2026-05-15',NULL,'2026-05-15 06:44:27'),(979,64,54,'2026-05',NULL,'2026-05-15 06:44:27'),(980,64,56,'a',NULL,'2026-05-15 06:44:27'),(981,64,58,'Carlo Matin A. Sarausa',NULL,'2026-05-15 06:44:27'),(982,64,59,'ok','ok','2026-05-15 06:44:27'),(983,64,60,'repair','repair','2026-05-15 06:44:27'),(984,64,61,'ok','ok','2026-05-15 06:44:27'),(985,64,62,'na','na','2026-05-15 06:44:27'),(986,64,64,'ok','ok','2026-05-15 06:44:27'),(987,64,65,'repair','repair','2026-05-15 06:44:27'),(988,64,66,'repair','repair','2026-05-15 06:44:27'),(989,64,68,'na','na','2026-05-15 06:44:27'),(990,64,70,'repair','repair','2026-05-15 06:44:27'),(991,64,71,'ok','ok','2026-05-15 06:44:27'),(992,64,72,'repair','repair','2026-05-15 06:44:27'),(1012,65,6,'network_device',NULL,'2026-05-18 05:27:51'),(1013,65,1,'aasd',NULL,'2026-05-18 05:27:51'),(1014,65,130,'61',NULL,'2026-05-18 05:27:51'),(1015,65,2,'PROJECT IMPLEMENTING UNIT',NULL,'2026-05-18 05:27:51'),(1016,65,131,'152',NULL,'2026-05-18 05:27:51'),(1017,65,3,'MAIN',NULL,'2026-05-18 05:27:51'),(1018,65,46,'POE',NULL,'2026-05-18 05:27:51'),(1019,65,47,'a',NULL,'2026-05-18 05:27:51'),(1020,65,48,'a',NULL,'2026-05-18 05:27:51'),(1021,65,49,'a',NULL,'2026-05-18 05:27:51'),(1022,65,101,'a',NULL,'2026-05-18 05:27:51'),(1023,65,50,'a',NULL,'2026-05-18 05:27:51'),(1024,65,102,'a',NULL,'2026-05-18 05:27:51'),(1025,65,51,'a',NULL,'2026-05-18 05:27:51'),(1026,65,5,'2026-05-18',NULL,'2026-05-18 05:27:51'),(1027,65,4,'2026-05-16',NULL,'2026-05-18 05:27:51'),(1028,67,52,'66',NULL,'2026-05-19 03:05:33'),(1029,67,53,'2026-05-19',NULL,'2026-05-19 03:05:33'),(1030,67,54,'2026-05',NULL,'2026-05-19 03:05:33'),(1031,67,132,'for_repair',NULL,'2026-05-19 03:05:33'),(1032,67,58,'Carlo Matin A. Sarausa',NULL,'2026-05-19 03:05:33'),(1033,67,70,'na','na','2026-05-19 03:05:33'),(1034,67,71,'ok','ok','2026-05-19 03:05:33'),(1035,22,6,'cctv',NULL,'2026-05-21 00:04:23'),(1036,22,1,'a',NULL,'2026-05-21 00:04:23'),(1037,22,130,'27',NULL,'2026-05-21 00:04:23'),(1038,22,2,'DOST',NULL,'2026-05-21 00:04:23'),(1039,22,131,'106',NULL,'2026-05-21 00:04:23'),(1040,22,3,'CMU AGRI - AQUA TECHNOLOGY BUSINESS INCUBATOR PROJECT',NULL,'2026-05-21 00:04:23'),(1041,22,121,'a',NULL,'2026-05-21 00:04:23'),(1042,22,122,'a',NULL,'2026-05-21 00:04:23'),(1043,22,123,'a',NULL,'2026-05-21 00:04:23'),(1044,22,124,'a',NULL,'2026-05-21 00:04:23'),(1045,22,125,'a',NULL,'2026-05-21 00:04:23'),(1046,22,126,'a',NULL,'2026-05-21 00:04:23'),(1047,22,127,'a',NULL,'2026-05-21 00:04:23'),(1048,22,128,'a',NULL,'2026-05-21 00:04:23'),(1049,22,5,'2026-05-21',NULL,'2026-05-21 00:04:23'),(1050,22,4,'2026-05-21',NULL,'2026-05-21 00:04:23'),(1051,6,6,'network_device',NULL,'2026-05-21 00:05:04'),(1052,6,1,'Michael Brown',NULL,'2026-05-21 00:05:04'),(1053,6,130,'1',NULL,'2026-05-21 00:05:04'),(1054,6,2,'ACCOUNTING UNIT',NULL,'2026-05-21 00:05:04'),(1055,6,131,'1',NULL,'2026-05-21 00:05:04'),(1056,6,3,'MAIN',NULL,'2026-05-21 00:05:04'),(1057,6,44,'00:26:98:XX:XX:XX',NULL,'2026-05-21 00:05:04'),(1058,6,45,'192.168.100.10',NULL,'2026-05-21 00:05:04'),(1059,6,46,'Managed POE Switch',NULL,'2026-05-21 00:05:04'),(1060,6,47,'Cisco Catalyst',NULL,'2026-05-21 00:05:04'),(1061,6,48,'C2960X-48TS-L',NULL,'2026-05-21 00:05:04'),(1062,6,49,'FCW2222XXXX',NULL,'2026-05-21 00:05:04'),(1063,6,50,'Building A, Network Room 1',NULL,'2026-05-21 00:05:04'),(1064,6,51,'VLAN 100 (Management)',NULL,'2026-05-21 00:05:04'),(1065,6,5,'2026-05-21',NULL,'2026-05-21 00:05:04'),(1066,6,4,'2022-11-05',NULL,'2026-05-21 00:05:04'),(1067,5,6,'ip_phone',NULL,'2026-05-26 01:23:41'),(1068,5,1,'Robert Johnson',NULL,'2026-05-26 01:23:41'),(1069,5,130,'1',NULL,'2026-05-26 01:23:41'),(1070,5,2,'ACCOUNTING UNIT',NULL,'2026-05-26 01:23:41'),(1071,5,131,'1',NULL,'2026-05-26 01:23:41'),(1072,5,3,'MAIN',NULL,'2026-05-26 01:23:41'),(1073,5,44,'00:25:86:XX:XX:XX',NULL,'2026-05-26 01:23:41'),(1074,5,5,'2026-05-26',NULL,'2026-05-26 01:23:41'),(1075,5,4,'2023-01-10',NULL,'2026-05-26 01:23:41'),(1076,3,6,'pc',NULL,'2026-05-26 01:24:07'),(1077,3,1,'John Doe',NULL,'2026-05-26 01:24:07'),(1078,3,130,'1',NULL,'2026-05-26 01:24:07'),(1079,3,2,'ACCOUNTING UNIT',NULL,'2026-05-26 01:24:07'),(1080,3,131,'1',NULL,'2026-05-26 01:24:07'),(1081,3,3,'MAIN',NULL,'2026-05-26 01:24:07'),(1082,3,44,'00:1A:2B:3C:4D:5E',NULL,'2026-05-26 01:24:07'),(1083,3,45,'192.168.1.100',NULL,'2026-05-26 01:24:07'),(1084,3,8,'1',NULL,'2026-05-26 01:24:07'),(1085,3,9,'1',NULL,'2026-05-26 01:24:07'),(1086,3,10,'1',NULL,'2026-05-26 01:24:07'),(1087,3,11,'1',NULL,'2026-05-26 01:24:07'),(1088,3,12,'1',NULL,'2026-05-26 01:24:07'),(1089,3,13,'1',NULL,'2026-05-26 01:24:07'),(1090,3,14,'1',NULL,'2026-05-26 01:24:07'),(1091,3,19,'1',NULL,'2026-05-26 01:24:07'),(1092,3,24,'1',NULL,'2026-05-26 01:24:07'),(1093,3,30,'a',NULL,'2026-05-26 01:24:07'),(1094,3,5,'2026-05-26',NULL,'2026-05-26 01:24:07'),(1095,3,4,'2023-06-15',NULL,'2026-05-26 01:24:07'),(1096,26,6,'network_device',NULL,'2026-05-26 02:15:41'),(1097,26,1,'q',NULL,'2026-05-26 02:15:41'),(1098,26,130,'1',NULL,'2026-05-26 02:15:41'),(1099,26,2,'ACCOUNTING UNIT',NULL,'2026-05-26 02:15:41'),(1100,26,131,'1',NULL,'2026-05-26 02:15:41'),(1101,26,3,'MAIN',NULL,'2026-05-26 02:15:41'),(1102,26,46,'a',NULL,'2026-05-26 02:15:41'),(1103,26,47,'a',NULL,'2026-05-26 02:15:41'),(1104,26,48,'a',NULL,'2026-05-26 02:15:41'),(1105,26,49,'a',NULL,'2026-05-26 02:15:41'),(1106,26,101,'a',NULL,'2026-05-26 02:15:41'),(1107,26,50,'a',NULL,'2026-05-26 02:15:41'),(1108,26,102,'a',NULL,'2026-05-26 02:15:41'),(1109,26,51,'a',NULL,'2026-05-26 02:15:41'),(1110,26,5,'2026-05-26',NULL,'2026-05-26 02:15:41'),(1111,26,4,'2026-05-04',NULL,'2026-05-26 02:15:41'),(1112,30,6,'server',NULL,'2026-05-26 02:16:30'),(1113,30,1,'a',NULL,'2026-05-26 02:16:30'),(1114,30,130,'6',NULL,'2026-05-26 02:16:30'),(1115,30,2,'CAPABILITY BUILDING UNIT (CBU)-EXTENSION',NULL,'2026-05-26 02:16:30'),(1116,30,131,'13',NULL,'2026-05-26 02:16:30'),(1117,30,3,'MAIN',NULL,'2026-05-26 02:16:30'),(1118,30,44,'232',NULL,'2026-05-26 02:16:30'),(1119,30,9,'1',NULL,'2026-05-26 02:16:30'),(1120,30,10,'1',NULL,'2026-05-26 02:16:30'),(1121,30,14,'1',NULL,'2026-05-26 02:16:30'),(1122,30,23,'1',NULL,'2026-05-26 02:16:30'),(1123,30,27,'1',NULL,'2026-05-26 02:16:30'),(1124,30,30,'a',NULL,'2026-05-26 02:16:30'),(1125,30,31,'a',NULL,'2026-05-26 02:16:30'),(1126,30,32,'a',NULL,'2026-05-26 02:16:30'),(1127,30,33,'a',NULL,'2026-05-26 02:16:30'),(1128,30,34,'a',NULL,'2026-05-26 02:16:30'),(1129,30,35,'aa',NULL,'2026-05-26 02:16:30'),(1130,30,36,'a',NULL,'2026-05-26 02:16:30'),(1131,30,37,'a',NULL,'2026-05-26 02:16:30'),(1132,30,39,'a',NULL,'2026-05-26 02:16:30'),(1133,30,40,'a',NULL,'2026-05-26 02:16:30'),(1134,30,42,'a',NULL,'2026-05-26 02:16:30'),(1135,30,43,'a',NULL,'2026-05-26 02:16:30'),(1136,30,5,'2026-05-26',NULL,'2026-05-26 02:16:30'),(1137,30,4,'2026-05-26',NULL,'2026-05-26 02:16:30'),(1138,35,6,'wifi',NULL,'2026-05-26 02:17:11'),(1139,35,1,'q',NULL,'2026-05-26 02:17:11'),(1140,35,130,'22',NULL,'2026-05-26 02:17:11'),(1141,35,2,'COLLEGE OF NURSING',NULL,'2026-05-26 02:17:11'),(1142,35,131,'94',NULL,'2026-05-26 02:17:11'),(1143,35,3,'MARAWI SIEGE - PCHRD - DOST FUND',NULL,'2026-05-26 02:17:11'),(1144,35,104,'q',NULL,'2026-05-26 02:17:11'),(1145,35,105,'q',NULL,'2026-05-26 02:17:11'),(1146,35,106,'q',NULL,'2026-05-26 02:17:11'),(1147,35,107,'q',NULL,'2026-05-26 02:17:12'),(1148,35,108,'q',NULL,'2026-05-26 02:17:12'),(1149,35,109,'q',NULL,'2026-05-26 02:17:12'),(1150,35,110,'q',NULL,'2026-05-26 02:17:12'),(1151,35,111,'q',NULL,'2026-05-26 02:17:12'),(1152,35,112,'q',NULL,'2026-05-26 02:17:12'),(1153,35,113,'q',NULL,'2026-05-26 02:17:12'),(1154,35,114,'q',NULL,'2026-05-26 02:17:12'),(1155,35,5,'2026-05-26',NULL,'2026-05-26 02:17:12'),(1156,35,4,'2026-05-04',NULL,'2026-05-26 02:17:12'),(1157,41,6,'pc',NULL,'2026-05-26 02:17:36'),(1158,41,1,'asd',NULL,'2026-05-26 02:17:36'),(1159,41,130,'47',NULL,'2026-05-26 02:17:36'),(1160,41,2,'OFFICE OF FINANCIAL MANAGEMENT SERVICE (OFMS)',NULL,'2026-05-26 02:17:36'),(1161,41,131,'135',NULL,'2026-05-26 02:17:36'),(1162,41,3,'MAIN',NULL,'2026-05-26 02:17:36'),(1163,41,20,'1',NULL,'2026-05-26 02:17:36'),(1164,41,21,'Windows 11 Home',NULL,'2026-05-26 02:17:36'),(1165,41,44,'123-23-23-23',NULL,'2026-05-26 02:17:36'),(1166,41,8,'1',NULL,'2026-05-26 02:17:36'),(1167,41,9,'1',NULL,'2026-05-26 02:17:36'),(1168,41,10,'1',NULL,'2026-05-26 02:17:36'),(1169,41,11,'1',NULL,'2026-05-26 02:17:36'),(1170,41,12,'1',NULL,'2026-05-26 02:17:36'),(1171,41,13,'1',NULL,'2026-05-26 02:17:36'),(1172,41,23,'1',NULL,'2026-05-26 02:17:36'),(1173,41,24,'1',NULL,'2026-05-26 02:17:36'),(1174,41,25,'1',NULL,'2026-05-26 02:17:36'),(1175,41,26,'1',NULL,'2026-05-26 02:17:36'),(1176,41,27,'1',NULL,'2026-05-26 02:17:36'),(1177,41,30,'a',NULL,'2026-05-26 02:17:36'),(1178,41,31,'a',NULL,'2026-05-26 02:17:36'),(1179,41,32,'a',NULL,'2026-05-26 02:17:36'),(1180,41,33,'a',NULL,'2026-05-26 02:17:36'),(1181,41,34,'a',NULL,'2026-05-26 02:17:36'),(1182,41,36,'a',NULL,'2026-05-26 02:17:36'),(1183,41,37,'a',NULL,'2026-05-26 02:17:36'),(1184,41,38,'a',NULL,'2026-05-26 02:17:36'),(1185,41,39,'a',NULL,'2026-05-26 02:17:36'),(1186,41,40,'a',NULL,'2026-05-26 02:17:36'),(1187,41,41,'a',NULL,'2026-05-26 02:17:36'),(1188,41,42,'a',NULL,'2026-05-26 02:17:36'),(1189,41,43,'a',NULL,'2026-05-26 02:17:36'),(1190,41,5,'2026-05-26',NULL,'2026-05-26 02:17:36'),(1191,41,4,'2026-05-05',NULL,'2026-05-26 02:17:36'),(1192,47,6,'server',NULL,'2026-05-26 02:24:40'),(1193,47,1,'John Axl T. Redondo',NULL,'2026-05-26 02:24:40'),(1194,47,130,'21',NULL,'2026-05-26 02:24:40'),(1195,47,2,'COLLEGE OF HUMAN ECOLOGY',NULL,'2026-05-26 02:24:40'),(1196,47,131,'88',NULL,'2026-05-26 02:24:40'),(1197,47,3,'HOME ECONOMICS EDUCATION AND FAMILY LIFE',NULL,'2026-05-26 02:24:40'),(1198,47,15,'1',NULL,'2026-05-26 02:24:40'),(1199,47,16,'Asd',NULL,'2026-05-26 02:24:40'),(1200,47,20,'1',NULL,'2026-05-26 02:24:40'),(1201,47,21,'Windows 11 Home',NULL,'2026-05-26 02:24:40'),(1202,47,28,'1',NULL,'2026-05-26 02:24:40'),(1203,47,29,'secret',NULL,'2026-05-26 02:24:40'),(1204,47,44,'A4-T3-88-C3-AE',NULL,'2026-05-26 02:24:40'),(1205,47,8,'1',NULL,'2026-05-26 02:24:40'),(1206,47,9,'1',NULL,'2026-05-26 02:24:40'),(1207,47,10,'1',NULL,'2026-05-26 02:24:40'),(1208,47,11,'1',NULL,'2026-05-26 02:24:40'),(1209,47,12,'1',NULL,'2026-05-26 02:24:40'),(1210,47,13,'1',NULL,'2026-05-26 02:24:40'),(1211,47,22,'1',NULL,'2026-05-26 02:24:40'),(1212,47,23,'1',NULL,'2026-05-26 02:24:40'),(1213,47,24,'1',NULL,'2026-05-26 02:24:40'),(1214,47,25,'1',NULL,'2026-05-26 02:24:40'),(1215,47,26,'1',NULL,'2026-05-26 02:24:40'),(1216,47,27,'1',NULL,'2026-05-26 02:24:40'),(1217,47,30,'Intel Core i7',NULL,'2026-05-26 02:24:40'),(1218,47,31,'Dell Aui7',NULL,'2026-05-26 02:24:40'),(1219,47,32,'16.0GB',NULL,'2026-05-26 02:24:40'),(1220,47,33,'2047MB NVIDIA GeForce GT',NULL,'2026-05-26 02:24:40'),(1221,47,34,'931 Seagate ST1000DTNM',NULL,'2026-05-26 02:24:40'),(1222,47,36,'Dell',NULL,'2026-05-26 02:24:40'),(1223,47,37,'TRENDSONIC',NULL,'2026-05-26 02:24:40'),(1224,47,40,'A4Tech',NULL,'2026-05-26 02:24:40'),(1225,47,41,'A4Tech',NULL,'2026-05-26 02:24:40'),(1226,47,43,'Brother T4500dw',NULL,'2026-05-26 02:24:40'),(1227,47,5,'2026-05-26',NULL,'2026-05-26 02:24:40'),(1228,47,4,'2026-05-06',NULL,'2026-05-26 02:24:40'),(1229,24,6,'wifi',NULL,'2026-05-26 02:50:36'),(1230,24,130,'1',NULL,'2026-05-26 02:50:36'),(1231,24,2,'ACCOUNTING UNIT',NULL,'2026-05-26 02:50:36'),(1232,24,131,'1',NULL,'2026-05-26 02:50:36'),(1233,24,3,'MAIN',NULL,'2026-05-26 02:50:36'),(1234,24,5,'2026-05-26',NULL,'2026-05-26 02:50:36'),(1235,24,4,'2026-05-26',NULL,'2026-05-26 02:50:36'),(1236,27,6,'pc',NULL,'2026-05-26 02:51:11'),(1237,27,130,'1',NULL,'2026-05-26 02:51:11'),(1238,27,2,'ACCOUNTING UNIT',NULL,'2026-05-26 02:51:11'),(1239,27,131,'1',NULL,'2026-05-26 02:51:11'),(1240,27,3,'MAIN',NULL,'2026-05-26 02:51:11'),(1241,27,5,'2026-05-26',NULL,'2026-05-26 02:51:11'),(1242,27,4,'2026-05-26',NULL,'2026-05-26 02:51:11'),(1243,59,6,'ip_phone',NULL,'2026-05-26 02:52:12'),(1244,59,1,'Kent Christian Ebin',NULL,'2026-05-26 02:52:12'),(1245,59,130,'66',NULL,'2026-05-26 02:52:12'),(1246,59,2,'RESEARCH OFFICE',NULL,'2026-05-26 02:52:12'),(1247,59,131,'157',NULL,'2026-05-26 02:52:12'),(1248,59,3,'MAIN',NULL,'2026-05-26 02:52:12'),(1249,59,129,'[\"preventive-maintenance/photos/ZrmtV6EI1bbH19dqmKlaPAf5KwCBHzute1cANtWD.jpg\",\"preventive-maintenance/photos/uq37scye3rNRPkcJWSQAHhUYXicyu0iITmNDQW8W.jpg\"]',NULL,'2026-05-26 02:52:12'),(1250,59,5,'2026-05-26',NULL,'2026-05-26 02:52:12'),(1251,59,4,'2026-05-15',NULL,'2026-05-26 02:52:12'),(1252,39,6,'cctv',NULL,'2026-05-26 02:52:30'),(1253,39,1,'s',NULL,'2026-05-26 02:52:30'),(1254,39,130,'2',NULL,'2026-05-26 02:52:30'),(1255,39,2,'AGRI-HERITAGE-ECO (AHE) TOURISM OFFICE',NULL,'2026-05-26 02:52:30'),(1256,39,131,'2',NULL,'2026-05-26 02:52:30'),(1257,39,3,'MAIN',NULL,'2026-05-26 02:52:30'),(1258,39,121,'a',NULL,'2026-05-26 02:52:30'),(1259,39,5,'2026-05-26',NULL,'2026-05-26 02:52:30'),(1260,39,4,'2026-05-05',NULL,'2026-05-26 02:52:30'),(1261,21,6,'network_device',NULL,'2026-05-26 05:01:17'),(1262,21,130,'54',NULL,'2026-05-26 05:01:17'),(1263,21,2,'OFFICE OF THE PRESIDENT',NULL,'2026-05-26 05:01:17'),(1264,21,131,'142',NULL,'2026-05-26 05:01:17'),(1265,21,3,'LEGAL OFFICE',NULL,'2026-05-26 05:01:17'),(1266,21,5,'2026-05-26',NULL,'2026-05-26 05:01:17'),(1267,21,4,'2026-05-26',NULL,'2026-05-26 05:01:17'),(1268,20,6,'ups',NULL,'2026-05-26 05:01:34'),(1269,20,1,'Keb\\n',NULL,'2026-05-26 05:01:34'),(1270,20,130,'1',NULL,'2026-05-26 05:01:34'),(1271,20,2,'ACCOUNTING UNIT',NULL,'2026-05-26 05:01:34'),(1272,20,131,'1',NULL,'2026-05-26 05:01:34'),(1273,20,3,'MAIN',NULL,'2026-05-26 05:01:34'),(1274,20,115,'a',NULL,'2026-05-26 05:01:34'),(1275,20,116,'a',NULL,'2026-05-26 05:01:34'),(1276,20,5,'2026-05-26',NULL,'2026-05-26 05:01:34'),(1277,20,4,'2026-05-26',NULL,'2026-05-26 05:01:34'),(1278,18,6,'server',NULL,'2026-05-26 05:02:23'),(1279,18,130,'78',NULL,'2026-05-26 05:02:23'),(1280,18,2,'UNIVERSITY LIBRARY',NULL,'2026-05-26 05:02:23'),(1281,18,131,'175',NULL,'2026-05-26 05:02:23'),(1282,18,3,'MAIN',NULL,'2026-05-26 05:02:23'),(1283,18,5,'2026-05-26',NULL,'2026-05-26 05:02:23'),(1284,18,4,'2026-05-26',NULL,'2026-05-26 05:02:23'),(1285,17,6,'wifi',NULL,'2026-05-26 05:02:44'),(1286,17,130,'50',NULL,'2026-05-26 05:02:44'),(1287,17,2,'OFFICE OF STUDENT AFFAIRS',NULL,'2026-05-26 05:02:44'),(1288,17,131,'138',NULL,'2026-05-26 05:02:44'),(1289,17,3,'MAIN',NULL,'2026-05-26 05:02:44'),(1290,17,5,'2026-05-26',NULL,'2026-05-26 05:02:44'),(1291,17,4,'2026-05-26',NULL,'2026-05-26 05:02:44'),(1292,16,6,'ip_phone',NULL,'2026-05-26 05:03:04'),(1293,16,1,'a',NULL,'2026-05-26 05:03:04'),(1294,16,130,'76',NULL,'2026-05-26 05:03:04'),(1295,16,2,'UNIVERSITY HOSPITAL',NULL,'2026-05-26 05:03:05'),(1296,16,131,'173',NULL,'2026-05-26 05:03:05'),(1297,16,3,'MAIN',NULL,'2026-05-26 05:03:05'),(1298,16,44,'a',NULL,'2026-05-26 05:03:05'),(1299,16,94,'a',NULL,'2026-05-26 05:03:05'),(1300,16,95,'a',NULL,'2026-05-26 05:03:05'),(1301,16,96,'a',NULL,'2026-05-26 05:03:05'),(1302,16,97,'a',NULL,'2026-05-26 05:03:05'),(1303,16,98,'a',NULL,'2026-05-26 05:03:05'),(1304,16,99,'a',NULL,'2026-05-26 05:03:05'),(1305,16,100,'a',NULL,'2026-05-26 05:03:05'),(1306,16,5,'2026-05-26',NULL,'2026-05-26 05:03:05'),(1307,16,4,'2026-05-26',NULL,'2026-05-26 05:03:05'),(1308,4,6,'server',NULL,'2026-05-26 05:05:23'),(1309,4,1,'Jane Smith',NULL,'2026-05-26 05:05:23'),(1310,4,130,'14',NULL,'2026-05-26 05:05:23'),(1311,4,2,'CMU TOURISM',NULL,'2026-05-26 05:05:23'),(1312,4,131,'25',NULL,'2026-05-26 05:05:23'),(1313,4,3,'MAIN',NULL,'2026-05-26 05:05:23'),(1314,4,44,'00:1A:2B:3C:4D:5F',NULL,'2026-05-26 05:05:23'),(1315,4,45,'192.168.100.50',NULL,'2026-05-26 05:05:23'),(1316,4,5,'2026-05-26',NULL,'2026-05-26 05:05:23'),(1317,4,4,'2022-03-20',NULL,'2026-05-26 05:05:23'),(1318,9,6,'network_device',NULL,'2026-05-26 05:06:07'),(1319,9,1,'a',NULL,'2026-05-26 05:06:07'),(1320,9,130,'1',NULL,'2026-05-26 05:06:07'),(1321,9,2,'ACCOUNTING UNIT',NULL,'2026-05-26 05:06:07'),(1322,9,131,'1',NULL,'2026-05-26 05:06:07'),(1323,9,3,'MAIN',NULL,'2026-05-26 05:06:07'),(1324,9,5,'2026-05-26',NULL,'2026-05-26 05:06:07'),(1325,9,4,'2026-05-26',NULL,'2026-05-26 05:06:07'),(1326,13,6,'pc',NULL,'2026-05-26 05:06:46'),(1327,13,1,'a',NULL,'2026-05-26 05:06:46'),(1328,13,130,'1',NULL,'2026-05-26 05:06:46'),(1329,13,2,'ACCOUNTING UNIT',NULL,'2026-05-26 05:06:46'),(1330,13,131,'1',NULL,'2026-05-26 05:06:46'),(1331,13,3,'MAIN',NULL,'2026-05-26 05:06:46'),(1332,13,44,'a',NULL,'2026-05-26 05:06:46'),(1333,13,9,'1',NULL,'2026-05-26 05:06:46'),(1334,13,12,'1',NULL,'2026-05-26 05:06:46'),(1335,13,18,'1',NULL,'2026-05-26 05:06:46'),(1336,13,23,'1',NULL,'2026-05-26 05:06:47'),(1337,13,26,'1',NULL,'2026-05-26 05:06:47'),(1338,13,30,'a',NULL,'2026-05-26 05:06:47'),(1339,13,31,'a',NULL,'2026-05-26 05:06:47'),(1340,13,32,'a',NULL,'2026-05-26 05:06:47'),(1341,13,33,'a',NULL,'2026-05-26 05:06:47'),(1342,13,34,'a',NULL,'2026-05-26 05:06:47'),(1343,13,35,'a',NULL,'2026-05-26 05:06:47'),(1344,13,36,'a',NULL,'2026-05-26 05:06:47'),(1345,13,37,'a',NULL,'2026-05-26 05:06:47'),(1346,13,38,'a',NULL,'2026-05-26 05:06:47'),(1347,13,39,'a',NULL,'2026-05-26 05:06:47'),(1348,13,40,'a',NULL,'2026-05-26 05:06:47'),(1349,13,41,'a',NULL,'2026-05-26 05:06:47'),(1350,13,42,'a',NULL,'2026-05-26 05:06:47'),(1351,13,43,'a',NULL,'2026-05-26 05:06:47'),(1352,13,5,'2026-05-26',NULL,'2026-05-26 05:06:47'),(1353,13,4,'2026-02-23',NULL,'2026-05-26 05:06:47'),(1354,45,6,'ip_phone',NULL,'2026-05-26 05:12:16'),(1355,45,1,'John Axl T. Redondo',NULL,'2026-05-26 05:12:16'),(1356,45,130,'50',NULL,'2026-05-26 05:12:16'),(1357,45,2,'OFFICE OF STUDENT AFFAIRS',NULL,'2026-05-26 05:12:16'),(1358,45,131,'138',NULL,'2026-05-26 05:12:16'),(1359,45,3,'MAIN',NULL,'2026-05-26 05:12:16'),(1360,45,44,'A4-WS-P2-3P-50',NULL,'2026-05-26 05:12:16'),(1361,45,94,'Idk',NULL,'2026-05-26 05:12:16'),(1362,45,95,'Tokyo',NULL,'2026-05-26 05:12:16'),(1363,45,96,'1294121',NULL,'2026-05-26 05:12:16'),(1364,45,97,'Information Science and Computing',NULL,'2026-05-26 05:12:16'),(1365,45,98,'192.168.160.89',NULL,'2026-05-26 05:12:16'),(1366,45,99,'10',NULL,'2026-05-26 05:12:16'),(1367,45,100,'822',NULL,'2026-05-26 05:12:16'),(1368,45,5,'2026-05-26',NULL,'2026-05-26 05:12:16'),(1369,45,4,'2026-05-06',NULL,'2026-05-26 05:12:17'),(1370,37,6,'ups',NULL,'2026-05-26 05:12:34'),(1371,37,1,'a',NULL,'2026-05-26 05:12:34'),(1372,37,130,'1',NULL,'2026-05-26 05:12:34'),(1373,37,2,'ACCOUNTING UNIT',NULL,'2026-05-26 05:12:34'),(1374,37,131,'1',NULL,'2026-05-26 05:12:34'),(1375,37,3,'MAIN',NULL,'2026-05-26 05:12:34'),(1376,37,115,'a',NULL,'2026-05-26 05:12:34'),(1377,37,116,'a',NULL,'2026-05-26 05:12:34'),(1378,37,117,'a',NULL,'2026-05-26 05:12:34'),(1379,37,118,'a',NULL,'2026-05-26 05:12:34'),(1380,37,119,'a',NULL,'2026-05-26 05:12:34'),(1381,37,120,'a',NULL,'2026-05-26 05:12:34'),(1382,37,5,'2026-05-26',NULL,'2026-05-26 05:12:34'),(1383,37,4,'2026-05-04',NULL,'2026-05-26 05:12:34'),(1384,66,6,'ip_phone',NULL,'2026-05-26 05:12:55'),(1385,66,1,'a',NULL,'2026-05-26 05:12:55'),(1386,66,130,'16',NULL,'2026-05-26 05:12:55'),(1387,66,2,'COLLEGE OF ARTS AND SCIENCE',NULL,'2026-05-26 05:12:55'),(1388,66,131,'50',NULL,'2026-05-26 05:12:55'),(1389,66,3,'CHEMISTRY DEPARTMENT',NULL,'2026-05-26 05:12:55'),(1390,66,44,'a',NULL,'2026-05-26 05:12:55'),(1391,66,94,'a',NULL,'2026-05-26 05:12:55'),(1392,66,95,'a',NULL,'2026-05-26 05:12:55'),(1393,66,96,'a',NULL,'2026-05-26 05:12:55'),(1394,66,97,'a',NULL,'2026-05-26 05:12:55'),(1395,66,98,'a',NULL,'2026-05-26 05:12:55'),(1396,66,99,'a',NULL,'2026-05-26 05:12:55'),(1397,66,100,'a',NULL,'2026-05-26 05:12:55'),(1398,66,5,'2026-05-26',NULL,'2026-05-26 05:12:55'),(1399,66,4,'2026-05-18',NULL,'2026-05-26 05:12:55'),(1400,68,52,'65',NULL,'2026-05-26 05:14:52'),(1401,68,53,'2026-05-26',NULL,'2026-05-26 05:14:52'),(1402,68,54,'2026-05',NULL,'2026-05-26 05:14:52'),(1403,68,132,'under_maintenance',NULL,'2026-05-26 05:14:52'),(1404,68,58,'Carlo Matin A. Sarausa',NULL,'2026-05-26 05:14:52'),(1405,68,59,'ok','ok','2026-05-26 05:14:52'),(1406,68,60,'repair','repair','2026-05-26 05:14:53'),(1407,68,70,'repair','repair','2026-05-26 05:14:53'),(1408,69,6,'pc',NULL,'2026-05-26 05:31:00'),(1409,69,130,'2',NULL,'2026-05-26 05:31:00'),(1410,69,2,'AGRI-HERITAGE-ECO (AHE) TOURISM OFFICE',NULL,'2026-05-26 05:31:00'),(1411,69,131,'2',NULL,'2026-05-26 05:31:00'),(1412,69,3,'MAIN',NULL,'2026-05-26 05:31:00'),(1413,69,5,'2026-05-26',NULL,'2026-05-26 05:31:00'),(1414,69,4,'2026-05-26',NULL,'2026-05-26 05:31:00'),(1415,70,1,'John Doe',NULL,'2026-05-27 01:58:10'),(1416,70,2,'Information Technology',NULL,'2026-05-27 01:58:10'),(1417,70,3,'Infrastructure',NULL,'2026-05-27 01:58:10'),(1418,70,4,'2023-06-15',NULL,'2026-05-27 01:58:10'),(1419,70,5,'2026-05-27',NULL,'2026-05-27 01:58:10'),(1420,70,6,'pc',NULL,'2026-05-27 01:58:10'),(1421,70,7,'Desktop-001',NULL,'2026-05-27 01:58:10'),(1422,70,44,'00:1A:2B:3C:4D:5E',NULL,'2026-05-27 01:58:10'),(1423,70,45,'192.168.1.100',NULL,'2026-05-27 01:58:10'),(1424,71,1,'Jane Smith',NULL,'2026-05-27 01:58:10'),(1425,71,2,'Infrastructure',NULL,'2026-05-27 01:58:10'),(1426,71,3,'Systems',NULL,'2026-05-27 01:58:10'),(1427,71,4,'2022-03-20',NULL,'2026-05-27 01:58:10'),(1428,71,5,'2026-05-27',NULL,'2026-05-27 01:58:10'),(1429,71,6,'server',NULL,'2026-05-27 01:58:10'),(1430,71,7,'Server-Web-01',NULL,'2026-05-27 01:58:10'),(1431,71,44,'00:1A:2B:3C:4D:5F',NULL,'2026-05-27 01:58:10'),(1432,71,45,'192.168.100.50',NULL,'2026-05-27 01:58:10'),(1433,72,1,'Robert Johnson',NULL,'2026-05-27 01:58:10'),(1434,72,2,'Communications',NULL,'2026-05-27 01:58:10'),(1435,72,3,'Telecommunications',NULL,'2026-05-27 01:58:10'),(1436,72,4,'2023-01-10',NULL,'2026-05-27 01:58:10'),(1437,72,5,'2026-05-27',NULL,'2026-05-27 01:58:10'),(1438,72,6,'ip_phone',NULL,'2026-05-27 01:58:10'),(1439,72,44,'00:25:86:XX:XX:XX',NULL,'2026-05-27 01:58:10'),(1440,72,94,'Cisco',NULL,'2026-05-27 01:58:10'),(1441,72,95,'CP-7841',NULL,'2026-05-27 01:58:10'),(1442,72,96,'FCH2410XXXX',NULL,'2026-05-27 01:58:10'),(1443,72,97,'Building A, Room 302',NULL,'2026-05-27 01:58:10'),(1444,72,98,'192.168.2.30',NULL,'2026-05-27 01:58:10'),(1445,72,99,'VLAN 20',NULL,'2026-05-27 01:58:10'),(1446,72,100,'+63-88-123456 ext. 302',NULL,'2026-05-27 01:58:10'),(1447,73,1,'Michael Brown',NULL,'2026-05-27 01:58:10'),(1448,73,2,'Infrastructure',NULL,'2026-05-27 01:58:10'),(1449,73,3,'Network Operations',NULL,'2026-05-27 01:58:10'),(1450,73,4,'2022-11-05',NULL,'2026-05-27 01:58:10'),(1451,73,5,'2026-05-27',NULL,'2026-05-27 01:58:10'),(1452,73,6,'network_device',NULL,'2026-05-27 01:58:10'),(1453,73,44,'00:26:98:XX:XX:XX',NULL,'2026-05-27 01:58:10'),(1454,73,45,'192.168.100.10',NULL,'2026-05-27 01:58:10'),(1455,73,46,'Managed POE Switch',NULL,'2026-05-27 01:58:10'),(1456,73,47,'Cisco Catalyst',NULL,'2026-05-27 01:58:10'),(1457,73,48,'C2960X-48TS-L',NULL,'2026-05-27 01:58:10'),(1458,73,49,'FCW2222XXXX',NULL,'2026-05-27 01:58:10'),(1459,73,50,'Building A, Network Room 1',NULL,'2026-05-27 01:58:10'),(1460,73,51,'VLAN 100 (Management)',NULL,'2026-05-27 01:58:10'),(1461,74,6,'pc',NULL,'2026-05-27 02:15:07'),(1462,74,1,'a',NULL,'2026-05-27 02:15:07'),(1463,74,130,'83',NULL,'2026-05-27 02:15:07'),(1464,74,2,'COLLEGE OF LAW',NULL,'2026-05-27 02:15:07'),(1465,74,131,'179',NULL,'2026-05-27 02:15:07'),(1466,74,3,'MAIN',NULL,'2026-05-27 02:15:07'),(1467,74,9,'1',NULL,'2026-05-27 02:15:07'),(1468,74,5,'2026-05-27',NULL,'2026-05-27 02:15:07'),(1469,74,4,'2026-05-27',NULL,'2026-05-27 02:15:07'),(1470,75,6,'pc',NULL,'2026-05-27 02:39:20'),(1471,75,1,'a',NULL,'2026-05-27 02:39:20'),(1472,75,130,'12',NULL,'2026-05-27 02:39:20'),(1473,75,2,'CENTRAL MINDANAO UNIVERSITY PRESS',NULL,'2026-05-27 02:39:20'),(1474,75,131,'23',NULL,'2026-05-27 02:39:20'),(1475,75,3,'MAIN',NULL,'2026-05-27 02:39:20'),(1476,75,5,'2026-05-27',NULL,'2026-05-27 02:39:20'),(1477,75,4,'2026-05-27',NULL,'2026-05-27 02:39:20'),(1478,76,6,'server',NULL,'2026-05-27 03:44:57'),(1479,76,1,'HAHAHA',NULL,'2026-05-27 03:44:57'),(1480,76,130,'1',NULL,'2026-05-27 03:44:57'),(1481,76,2,'ACCOUNTING UNIT',NULL,'2026-05-27 03:44:57'),(1482,76,131,'1',NULL,'2026-05-27 03:44:57'),(1483,76,3,'MAIN',NULL,'2026-05-27 03:44:57'),(1484,76,5,'2026-05-27',NULL,'2026-05-27 03:44:57'),(1485,76,4,'2026-05-27',NULL,'2026-05-27 03:44:57'),(1494,77,6,'pc',NULL,'2026-05-27 09:57:23'),(1495,77,1,'AHAHAHAH',NULL,'2026-05-27 09:57:23'),(1496,77,130,'24',NULL,'2026-05-27 09:57:23'),(1497,77,2,'COMMISSION OF AUDIT',NULL,'2026-05-27 09:57:23'),(1498,77,131,'103',NULL,'2026-05-27 09:57:23'),(1499,77,3,'MAIN',NULL,'2026-05-27 09:57:23'),(1500,77,5,'2026-05-27',NULL,'2026-05-27 09:57:23'),(1501,77,4,'2026-05-27',NULL,'2026-05-27 09:57:23'),(1502,78,1,'John Doe',NULL,'2026-05-27 10:45:30'),(1503,78,2,'Information Technology',NULL,'2026-05-27 10:45:30'),(1504,78,3,'Infrastructure',NULL,'2026-05-27 10:45:30'),(1505,78,4,'2023-06-15',NULL,'2026-05-27 10:45:30'),(1506,78,5,'2026-05-27',NULL,'2026-05-27 10:45:30'),(1507,78,6,'pc',NULL,'2026-05-27 10:45:30'),(1508,78,7,'Desktop-001',NULL,'2026-05-27 10:45:30'),(1509,78,44,'00:1A:2B:3C:4D:5E',NULL,'2026-05-27 10:45:30'),(1510,78,45,'192.168.1.100',NULL,'2026-05-27 10:45:30'),(1511,79,1,'Jane Smith',NULL,'2026-05-27 10:45:30'),(1512,79,2,'Infrastructure',NULL,'2026-05-27 10:45:30'),(1513,79,3,'Systems',NULL,'2026-05-27 10:45:30'),(1514,79,4,'2022-03-20',NULL,'2026-05-27 10:45:30'),(1515,79,5,'2026-05-27',NULL,'2026-05-27 10:45:30'),(1516,79,6,'server',NULL,'2026-05-27 10:45:30'),(1517,79,7,'Server-Web-01',NULL,'2026-05-27 10:45:30'),(1518,79,44,'00:1A:2B:3C:4D:5F',NULL,'2026-05-27 10:45:30'),(1519,79,45,'192.168.100.50',NULL,'2026-05-27 10:45:30'),(1520,80,1,'Robert Johnson',NULL,'2026-05-27 10:45:30'),(1521,80,2,'Communications',NULL,'2026-05-27 10:45:30'),(1522,80,3,'Telecommunications',NULL,'2026-05-27 10:45:30'),(1523,80,4,'2023-01-10',NULL,'2026-05-27 10:45:30'),(1524,80,5,'2026-05-27',NULL,'2026-05-27 10:45:30'),(1525,80,6,'ip_phone',NULL,'2026-05-27 10:45:30'),(1526,80,44,'00:25:86:XX:XX:XX',NULL,'2026-05-27 10:45:30'),(1527,80,94,'Cisco',NULL,'2026-05-27 10:45:30'),(1528,80,95,'CP-7841',NULL,'2026-05-27 10:45:30'),(1529,80,96,'FCH2410XXXX',NULL,'2026-05-27 10:45:30'),(1530,80,97,'Building A, Room 302',NULL,'2026-05-27 10:45:30'),(1531,80,98,'192.168.2.30',NULL,'2026-05-27 10:45:30'),(1532,80,99,'VLAN 20',NULL,'2026-05-27 10:45:30'),(1533,80,100,'+63-88-123456 ext. 302',NULL,'2026-05-27 10:45:30'),(1534,81,1,'Michael Brown',NULL,'2026-05-27 10:45:30'),(1535,81,2,'Infrastructure',NULL,'2026-05-27 10:45:30'),(1536,81,3,'Network Operations',NULL,'2026-05-27 10:45:30'),(1537,81,4,'2022-11-05',NULL,'2026-05-27 10:45:30'),(1538,81,5,'2026-05-27',NULL,'2026-05-27 10:45:30'),(1539,81,6,'network_device',NULL,'2026-05-27 10:45:30'),(1540,81,44,'00:26:98:XX:XX:XX',NULL,'2026-05-27 10:45:30'),(1541,81,45,'192.168.100.10',NULL,'2026-05-27 10:45:30'),(1542,81,46,'Managed POE Switch',NULL,'2026-05-27 10:45:30'),(1543,81,47,'Cisco Catalyst',NULL,'2026-05-27 10:45:30'),(1544,81,48,'C2960X-48TS-L',NULL,'2026-05-27 10:45:30'),(1545,81,49,'FCW2222XXXX',NULL,'2026-05-27 10:45:30'),(1546,81,50,'Building A, Network Room 1',NULL,'2026-05-27 10:45:30'),(1547,81,51,'VLAN 100 (Management)',NULL,'2026-05-27 10:45:30'),(1548,82,6,'server',NULL,'2026-05-28 07:01:05'),(1549,82,130,'4',NULL,'2026-05-28 07:01:05'),(1550,82,2,'BIDS AND AWARD COMMITTEE',NULL,'2026-05-28 07:01:05'),(1551,82,131,'5',NULL,'2026-05-28 07:01:05'),(1552,82,3,'MAIN',NULL,'2026-05-28 07:01:05'),(1553,82,5,'2026-05-28',NULL,'2026-05-28 07:01:05'),(1554,82,4,'2026-05-28',NULL,'2026-05-28 07:01:05');
/*!40000 ALTER TABLE `psm_value` ENABLE KEYS */;
UNLOCK TABLES;

--
-- Table structure for table `psm_value_archive`
--

DROP TABLE IF EXISTS `psm_value_archive`;
/*!40101 SET @saved_cs_client     = @@character_set_client */;
/*!40101 SET character_set_client = utf8 */;
CREATE TABLE `psm_value_archive` (
  `id` bigint(20) unsigned NOT NULL AUTO_INCREMENT,
  `psm_val_id` bigint(20) unsigned DEFAULT NULL,
  `psm_id` bigint(20) unsigned NOT NULL,
  `psm_var_id` bigint(20) unsigned NOT NULL,
  `variable_name` varchar(150) DEFAULT NULL,
  `value` text DEFAULT NULL,
  `status` varchar(50) DEFAULT NULL,
  `created_at` timestamp NOT NULL DEFAULT current_timestamp(),
  PRIMARY KEY (`id`),
  KEY `psm_value_archive_psm_id_index` (`psm_id`),
  KEY `psm_value_archive_psm_var_id_index` (`psm_var_id`)
) ENGINE=InnoDB AUTO_INCREMENT=1083 DEFAULT CHARSET=utf8mb4 COLLATE=utf8mb4_unicode_ci;
/*!40101 SET character_set_client = @saved_cs_client */;

--
-- Dumping data for table `psm_value_archive`
--

LOCK TABLES `psm_value_archive` WRITE;
/*!40000 ALTER TABLE `psm_value_archive` DISABLE KEYS */;
INSERT INTO `psm_value_archive` VALUES (1,1077,3,1,'user_operator','John Doe',NULL,'2026-05-26 01:24:07'),(2,1079,3,2,'office_college','ACCOUNTING UNIT',NULL,'2026-05-26 01:24:07'),(3,1081,3,3,'department','MAIN',NULL,'2026-05-26 01:24:07'),(4,1095,3,4,'date_acquired','2023-06-15',NULL,'2026-05-26 01:24:07'),(5,1094,3,5,'checklist_date','2026-05-26',NULL,'2026-05-26 01:24:07'),(6,1076,3,6,'checklist_type','pc',NULL,'2026-05-26 01:24:07'),(7,7,3,7,'pc_name','Desktop-001',NULL,'2026-04-20 14:47:31'),(8,1082,3,44,'mac_address','00:1A:2B:3C:4D:5E',NULL,'2026-05-26 01:24:07'),(9,1083,3,45,'ip_address','192.168.1.100',NULL,'2026-05-26 01:24:07'),(10,1309,4,1,'user_operator','Jane Smith',NULL,'2026-05-26 05:05:23'),(11,1311,4,2,'office_college','CMU TOURISM',NULL,'2026-05-26 05:05:23'),(12,1313,4,3,'department','MAIN',NULL,'2026-05-26 05:05:23'),(13,1317,4,4,'date_acquired','2022-03-20',NULL,'2026-05-26 05:05:23'),(14,1316,4,5,'checklist_date','2026-05-26',NULL,'2026-05-26 05:05:23'),(15,1308,4,6,'checklist_type','server',NULL,'2026-05-26 05:05:23'),(16,16,4,7,'pc_name','Server-Web-01',NULL,'2026-04-20 14:47:31'),(17,1314,4,44,'mac_address','00:1A:2B:3C:4D:5F',NULL,'2026-05-26 05:05:23'),(18,1315,4,45,'ip_address','192.168.100.50',NULL,'2026-05-26 05:05:23'),(19,1068,5,1,'user_operator','Robert Johnson',NULL,'2026-05-26 01:23:41'),(20,1070,5,2,'office_college','ACCOUNTING UNIT',NULL,'2026-05-26 01:23:41'),(21,1072,5,3,'department','MAIN',NULL,'2026-05-26 01:23:41'),(22,1075,5,4,'date_acquired','2023-01-10',NULL,'2026-05-26 01:23:41'),(23,1074,5,5,'checklist_date','2026-05-26',NULL,'2026-05-26 01:23:41'),(24,1067,5,6,'checklist_type','ip_phone',NULL,'2026-05-26 01:23:41'),(25,1073,5,44,'mac_address','00:25:86:XX:XX:XX',NULL,'2026-05-26 01:23:41'),(26,1052,6,1,'user_operator','Michael Brown',NULL,'2026-05-21 00:05:04'),(27,1054,6,2,'office_college','ACCOUNTING UNIT',NULL,'2026-05-21 00:05:04'),(28,1056,6,3,'department','MAIN',NULL,'2026-05-21 00:05:04'),(29,1066,6,4,'date_acquired','2022-11-05',NULL,'2026-05-21 00:05:04'),(30,1065,6,5,'checklist_date','2026-05-21',NULL,'2026-05-21 00:05:04'),(31,1051,6,6,'checklist_type','network_device',NULL,'2026-05-21 00:05:04'),(32,1057,6,44,'mac_address','00:26:98:XX:XX:XX',NULL,'2026-05-21 00:05:04'),(33,1058,6,45,'ip_address','192.168.100.10',NULL,'2026-05-21 00:05:04'),(34,1059,6,46,'network_device_category_type','Managed POE Switch',NULL,'2026-05-21 00:05:04'),(35,1060,6,47,'network_device_product_name','Cisco Catalyst',NULL,'2026-05-21 00:05:04'),(36,1061,6,48,'network_device_model_name','C2960X-48TS-L',NULL,'2026-05-21 00:05:04'),(37,1062,6,49,'network_device_serial','FCW2222XXXX',NULL,'2026-05-21 00:05:04'),(38,1063,6,50,'network_device_office_location','Building A, Network Room 1',NULL,'2026-05-21 00:05:04'),(39,1064,6,51,'network_device_vlan','VLAN 100 (Management)',NULL,'2026-05-21 00:05:04'),(40,479,7,6,'checklist_type','ip_phone',NULL,'2026-05-04 08:32:35'),(41,480,7,1,'user_operator','a',NULL,'2026-05-04 08:32:35'),(42,42,8,52,'parent_psm_id','7',NULL,'2026-04-20 14:50:53'),(43,43,8,59,'item_0','ok','ok','2026-04-20 14:50:53'),(44,44,8,60,'item_1','ok','ok','2026-04-20 14:50:53'),(45,45,8,61,'item_2','repair','repair','2026-04-20 14:50:53'),(46,46,8,62,'item_3','ok','ok','2026-04-20 14:50:53'),(47,47,8,63,'item_4','repair','repair','2026-04-20 14:50:53'),(48,48,8,64,'item_5','ok','ok','2026-04-20 14:50:53'),(49,49,8,65,'item_6','ok','ok','2026-04-20 14:50:53'),(50,50,8,66,'item_7','repair','repair','2026-04-20 14:50:53'),(51,51,8,67,'item_8','ok','ok','2026-04-20 14:50:53'),(52,52,8,68,'item_9','repair','repair','2026-04-20 14:50:53'),(53,53,8,69,'item_10','ok','ok','2026-04-20 14:50:53'),(54,54,8,70,'item_11','ok','ok','2026-04-20 14:50:53'),(55,1318,9,6,'checklist_type','network_device',NULL,'2026-05-26 05:06:07'),(56,1319,9,1,'user_operator','a',NULL,'2026-05-26 05:06:07'),(57,57,10,52,'parent_psm_id','9',NULL,'2026-04-20 15:16:35'),(58,58,10,54,'maintenance_month','2026-04',NULL,'2026-04-20 15:16:35'),(59,59,10,59,'item_0','ok','ok','2026-04-20 15:16:35'),(60,60,10,60,'item_1','repair','repair','2026-04-20 15:16:35'),(61,61,10,61,'item_2','repair','repair','2026-04-20 15:16:35'),(62,62,10,62,'item_3','ok','ok','2026-04-20 15:16:35'),(63,63,10,63,'item_4','ok','ok','2026-04-20 15:16:35'),(64,64,10,64,'item_5','na','na','2026-04-20 15:16:35'),(65,65,10,65,'item_6','na','na','2026-04-20 15:16:35'),(66,66,10,66,'item_7','na','na','2026-04-20 15:16:35'),(67,67,10,67,'item_8','na','na','2026-04-20 15:16:35'),(68,68,10,68,'item_9','na','na','2026-04-20 15:16:35'),(69,69,10,69,'item_10','na','na','2026-04-20 15:16:35'),(70,70,10,70,'item_11','na','na','2026-04-20 15:16:35'),(71,71,10,71,'item_12','ok','ok','2026-04-20 15:16:35'),(72,72,10,72,'item_13','ok','ok','2026-04-20 15:16:35'),(73,73,10,73,'item_14','repair','repair','2026-04-20 15:16:35'),(74,74,10,74,'item_15','repair','repair','2026-04-20 15:16:35'),(75,75,10,75,'item_16','repair','repair','2026-04-20 15:16:35'),(76,76,10,76,'item_17','ok','ok','2026-04-20 15:16:35'),(77,77,10,77,'item_18','repair','repair','2026-04-20 15:16:35'),(78,78,10,78,'item_19','repair','repair','2026-04-20 15:16:35'),(79,79,10,79,'item_20','ok','ok','2026-04-20 15:16:35'),(80,80,10,80,'item_21','ok','ok','2026-04-20 15:16:35'),(81,81,10,81,'item_22','repair','repair','2026-04-20 15:16:35'),(82,82,10,82,'item_23','ok','ok','2026-04-20 15:16:35'),(83,83,10,83,'item_24','ok','ok','2026-04-20 15:16:35'),(84,84,10,84,'item_25','repair','repair','2026-04-20 15:16:35'),(85,85,10,85,'item_26','ok','ok','2026-04-20 15:16:35'),(86,86,10,86,'item_27','repair','repair','2026-04-20 15:16:35'),(87,87,10,87,'item_28','repair','repair','2026-04-20 15:16:35'),(88,88,10,88,'item_29','ok','ok','2026-04-20 15:16:35'),(89,89,10,89,'item_30','ok','ok','2026-04-20 15:16:35'),(90,90,10,90,'item_31','repair','repair','2026-04-20 15:16:35'),(91,91,10,91,'item_32','ok','ok','2026-04-20 15:16:35'),(92,92,10,103,'item_33','ok','ok','2026-04-20 15:16:35'),(93,93,11,52,'parent_psm_id','5',NULL,'2026-04-20 15:23:20'),(94,94,11,54,'maintenance_month','2026-01',NULL,'2026-04-20 15:23:20'),(95,95,11,56,'checked_by','a',NULL,'2026-04-20 15:23:20'),(96,96,11,59,'item_0','ok','ok','2026-04-20 15:23:20'),(97,97,11,60,'item_1','repair','repair','2026-04-20 15:23:20'),(98,98,11,61,'item_2','repair','repair','2026-04-20 15:23:21'),(99,99,11,62,'item_3','ok','ok','2026-04-20 15:23:21'),(100,100,11,63,'item_4','ok','ok','2026-04-20 15:23:21'),(101,101,11,64,'item_5','repair','repair','2026-04-20 15:23:21'),(102,102,11,65,'item_6','ok','ok','2026-04-20 15:23:21'),(103,103,11,66,'item_7','ok','ok','2026-04-20 15:23:21'),(104,104,11,67,'item_8','repair','repair','2026-04-20 15:23:21'),(105,105,11,68,'item_9','ok','ok','2026-04-20 15:23:21'),(106,106,11,69,'item_10','repair','repair','2026-04-20 15:23:21'),(107,107,11,70,'item_11','na','na','2026-04-20 15:23:21'),(108,108,11,71,'item_12','na','na','2026-04-20 15:23:21'),(109,109,11,72,'item_13','na','na','2026-04-20 15:23:21'),(110,110,12,52,'parent_psm_id','4',NULL,'2026-04-21 04:00:16'),(111,111,12,54,'maintenance_month','2026-03',NULL,'2026-04-21 04:00:16'),(112,112,12,59,'item_0','ok','ok','2026-04-21 04:00:16'),(113,113,12,60,'item_1','repair','repair','2026-04-21 04:00:16'),(114,114,12,61,'item_2','ok','ok','2026-04-21 04:00:16'),(115,115,12,66,'item_7','ok','ok','2026-04-21 04:00:16'),(116,116,12,77,'item_18','ok','ok','2026-04-21 04:00:16'),(117,1326,13,6,'checklist_type','pc',NULL,'2026-05-26 05:06:46'),(118,1327,13,1,'user_operator','a',NULL,'2026-05-26 05:06:46'),(119,1329,13,2,'office_college','ACCOUNTING UNIT',NULL,'2026-05-26 05:06:46'),(120,1331,13,3,'department','MAIN',NULL,'2026-05-26 05:06:46'),(121,1353,13,4,'date_acquired','2026-02-23',NULL,'2026-05-26 05:06:47'),(122,1332,13,44,'mac_address','a',NULL,'2026-05-26 05:06:46'),(123,1333,13,9,'equipment_keyboard','1',NULL,'2026-05-26 05:06:46'),(124,1334,13,12,'equipment_printer','1',NULL,'2026-05-26 05:06:46'),(125,1335,13,18,'os_windows_8','1',NULL,'2026-05-26 05:06:46'),(126,1336,13,23,'software_media_player','1',NULL,'2026-05-26 05:06:47'),(127,1337,13,26,'software_word_processor','1',NULL,'2026-05-26 05:06:47'),(128,1338,13,30,'processor','a',NULL,'2026-05-26 05:06:47'),(129,1339,13,31,'motherboard','a',NULL,'2026-05-26 05:06:47'),(130,1340,13,32,'memory','a',NULL,'2026-05-26 05:06:47'),(131,1341,13,33,'graphics_card','a',NULL,'2026-05-26 05:06:47'),(132,1342,13,34,'hard_disk','a',NULL,'2026-05-26 05:06:47'),(133,1343,13,35,'optical_drives','a',NULL,'2026-05-26 05:06:47'),(134,1344,13,36,'monitor','a',NULL,'2026-05-26 05:06:47'),(135,1345,13,37,'casing','a',NULL,'2026-05-26 05:06:47'),(136,1346,13,38,'power_supply_watts','a',NULL,'2026-05-26 05:06:47'),(137,1347,13,39,'keyboard','a',NULL,'2026-05-26 05:06:47'),(138,1348,13,40,'mouse','a',NULL,'2026-05-26 05:06:47'),(139,1349,13,41,'avr_watts','a',NULL,'2026-05-26 05:06:47'),(140,1350,13,42,'ups','a',NULL,'2026-05-26 05:06:47'),(141,1351,13,43,'printer','a',NULL,'2026-05-26 05:06:47'),(142,142,14,52,'parent_psm_id','13',NULL,'2026-04-21 05:16:18'),(143,143,14,56,'checked_by','a',NULL,'2026-04-21 05:16:18'),(144,144,14,57,'conforme_by','a',NULL,'2026-04-21 05:16:18'),(145,145,14,59,'item_0','ok','ok','2026-04-21 05:16:18'),(146,146,14,60,'item_1','repair','repair','2026-04-21 05:16:18'),(147,147,14,81,'item_22','ok','ok','2026-04-21 05:16:18'),(148,148,15,52,'parent_psm_id','13',NULL,'2026-04-21 05:19:17'),(149,149,15,56,'checked_by','as',NULL,'2026-04-21 05:19:17'),(150,150,15,57,'conforme_by','s',NULL,'2026-04-21 05:19:17'),(151,151,15,59,'item_0','ok','ok','2026-04-21 05:19:17'),(152,152,15,60,'item_1','ok','ok','2026-04-21 05:19:17'),(153,153,15,53,'maintenance_date','2026-02-21',NULL,'2026-04-21 05:19:55'),(154,1292,16,6,'checklist_type','ip_phone',NULL,'2026-05-26 05:03:04'),(155,1293,16,1,'user_operator','a',NULL,'2026-05-26 05:03:04'),(156,1295,16,2,'office_college','UNIVERSITY HOSPITAL',NULL,'2026-05-26 05:03:05'),(157,1297,16,3,'department','MAIN',NULL,'2026-05-26 05:03:05'),(158,1298,16,44,'mac_address','a',NULL,'2026-05-26 05:03:05'),(159,1299,16,94,'brand_name','a',NULL,'2026-05-26 05:03:05'),(160,1300,16,95,'model_name','a',NULL,'2026-05-26 05:03:05'),(161,1301,16,96,'serial_number','a',NULL,'2026-05-26 05:03:05'),(162,1302,16,97,'office_located','a',NULL,'2026-05-26 05:03:05'),(163,1303,16,98,'ip_address_tagged','a',NULL,'2026-05-26 05:03:05'),(164,1304,16,99,'vlan','a',NULL,'2026-05-26 05:03:05'),(165,1305,16,100,'telephone_number','a',NULL,'2026-05-26 05:03:05'),(166,166,8,56,'checked_by','Ken G. Ebal',NULL,'2026-04-27 06:17:49'),(167,167,8,71,'item_12','repair','repair','2026-04-27 06:18:58'),(168,168,8,72,'item_13','repair','repair','2026-04-27 06:18:58'),(169,481,7,2,'office_college','aa',NULL,'2026-05-04 08:32:35'),(170,482,7,3,'department','a',NULL,'2026-05-04 08:32:35'),(171,483,7,44,'mac_address','a',NULL,'2026-05-04 08:32:35'),(172,484,7,94,'brand_name','a',NULL,'2026-05-04 08:32:35'),(173,485,7,95,'model_name','a',NULL,'2026-05-04 08:32:35'),(174,486,7,96,'serial_number','a',NULL,'2026-05-04 08:32:35'),(175,487,7,97,'office_located','a',NULL,'2026-05-04 08:32:35'),(176,488,7,98,'ip_address_tagged','a',NULL,'2026-05-04 08:32:35'),(177,489,7,99,'vlan','a',NULL,'2026-05-04 08:32:35'),(178,490,7,100,'telephone_number','a',NULL,'2026-05-04 08:32:35'),(179,1285,17,6,'checklist_type','wifi',NULL,'2026-05-26 05:02:44'),(180,1278,18,6,'checklist_type','server',NULL,'2026-05-26 05:02:23'),(181,183,19,52,'parent_psm_id','18',NULL,'2026-04-29 05:14:11'),(182,184,19,56,'checked_by','agot',NULL,'2026-04-29 05:14:11'),(183,185,19,59,'item_0','ok','ok','2026-04-29 05:14:11'),(184,1268,20,6,'checklist_type','ups',NULL,'2026-05-26 05:01:34'),(185,1269,20,1,'user_operator','Keb\\n',NULL,'2026-05-26 05:01:34'),(186,1274,20,115,'ups_category','a',NULL,'2026-05-26 05:01:34'),(187,1275,20,116,'ups_brand_name','a',NULL,'2026-05-26 05:01:34'),(188,1261,21,6,'checklist_type','network_device',NULL,'2026-05-26 05:01:17'),(189,1035,22,6,'checklist_type','cctv',NULL,'2026-05-21 00:04:23'),(190,1036,22,1,'user_operator','a',NULL,'2026-05-21 00:04:23'),(191,1038,22,2,'office_college','DOST',NULL,'2026-05-21 00:04:23'),(192,1040,22,3,'department','CMU AGRI - AQUA TECHNOLOGY BUSINESS INCUBATOR PROJECT',NULL,'2026-05-21 00:04:23'),(193,1041,22,121,'cctv_category_type','a',NULL,'2026-05-21 00:04:23'),(194,1042,22,122,'cctv_product_name','a',NULL,'2026-05-21 00:04:23'),(195,1043,22,123,'cctv_model_name','a',NULL,'2026-05-21 00:04:23'),(196,1044,22,124,'cctv_serial','a',NULL,'2026-05-21 00:04:23'),(197,1045,22,125,'cctv_mac_address','a',NULL,'2026-05-21 00:04:23'),(198,1046,22,126,'cctv_office_location','a',NULL,'2026-05-21 00:04:23'),(199,1047,22,127,'cctv_ip_address','a',NULL,'2026-05-21 00:04:23'),(200,1048,22,128,'cctv_vlan','a',NULL,'2026-05-21 00:04:23'),(201,203,23,52,'parent_psm_id','22',NULL,'2026-04-30 01:10:44'),(202,204,23,56,'checked_by','a',NULL,'2026-04-30 01:10:44'),(203,205,23,59,'item_0','na','na','2026-04-30 01:10:45'),(204,206,23,60,'item_1','repair','repair','2026-04-30 01:10:45'),(205,207,23,61,'item_2','ok','ok','2026-04-30 01:10:45'),(206,208,23,62,'item_3','ok','ok','2026-04-30 01:10:45'),(207,209,23,63,'item_4','repair','repair','2026-04-30 01:10:45'),(208,210,23,64,'item_5','repair','repair','2026-04-30 01:10:45'),(209,211,23,65,'item_6','ok','ok','2026-04-30 01:10:45'),(210,212,23,66,'item_7','repair','repair','2026-04-30 01:10:45'),(211,213,23,67,'item_8','ok','ok','2026-04-30 01:10:45'),(212,1229,24,6,'checklist_type','wifi',NULL,'2026-05-26 02:50:36'),(213,215,25,52,'parent_psm_id','24',NULL,'2026-04-30 01:21:16'),(214,1096,26,6,'checklist_type','network_device',NULL,'2026-05-26 02:15:41'),(215,1236,27,6,'checklist_type','pc',NULL,'2026-05-26 02:51:11'),(216,1241,27,5,'checklist_date','2026-05-26',NULL,'2026-05-26 02:51:11'),(217,219,28,52,'parent_psm_id','27',NULL,'2026-05-01 15:54:30'),(218,220,28,53,'maintenance_date','2026-05-01',NULL,'2026-05-01 15:54:30'),(219,221,28,54,'maintenance_month','2026-05',NULL,'2026-05-01 15:54:30'),(220,222,29,52,'parent_psm_id','27',NULL,'2026-05-01 15:54:44'),(221,223,29,53,'maintenance_date','2026-05-01',NULL,'2026-05-01 15:54:44'),(222,224,29,54,'maintenance_month','2026-05',NULL,'2026-05-01 15:54:44'),(223,1112,30,6,'checklist_type','server',NULL,'2026-05-26 02:16:30'),(224,1137,30,4,'date_acquired','2026-05-26',NULL,'2026-05-26 02:16:30'),(225,1136,30,5,'checklist_date','2026-05-26',NULL,'2026-05-26 02:16:30'),(226,228,31,52,'parent_psm_id','30',NULL,'2026-05-01 15:58:22'),(227,229,31,53,'maintenance_date','2026-05-01',NULL,'2026-05-01 15:58:22'),(228,230,31,54,'maintenance_month','2026-05',NULL,'2026-05-01 15:58:22'),(229,233,32,52,'parent_psm_id','30',NULL,'2026-05-01 16:18:21'),(230,234,32,53,'maintenance_date','2026-05-02',NULL,'2026-05-01 16:18:21'),(231,235,32,54,'maintenance_month','2026-05',NULL,'2026-05-01 16:18:21'),(232,236,32,59,'item_0','ok','ok','2026-05-01 16:18:21'),(233,1085,3,9,'equipment_keyboard','1',NULL,'2026-05-26 01:24:07'),(234,1086,3,10,'equipment_monitor','1',NULL,'2026-05-26 01:24:07'),(235,1118,30,44,'mac_address','232',NULL,'2026-05-26 02:16:30'),(236,1119,30,9,'equipment_keyboard','1',NULL,'2026-05-26 02:16:30'),(237,1120,30,10,'equipment_monitor','1',NULL,'2026-05-26 02:16:30'),(238,1121,30,14,'equipment_avr','1',NULL,'2026-05-26 02:16:30'),(239,1122,30,23,'software_media_player','1',NULL,'2026-05-26 02:16:30'),(240,1123,30,27,'software_browser','1',NULL,'2026-05-26 02:16:30'),(241,1124,30,30,'processor','a',NULL,'2026-05-26 02:16:30'),(242,1125,30,31,'motherboard','a',NULL,'2026-05-26 02:16:30'),(243,1126,30,32,'memory','a',NULL,'2026-05-26 02:16:30'),(244,1127,30,33,'graphics_card','a',NULL,'2026-05-26 02:16:30'),(245,1128,30,34,'hard_disk','a',NULL,'2026-05-26 02:16:30'),(246,1129,30,35,'optical_drives','aa',NULL,'2026-05-26 02:16:30'),(247,1130,30,36,'monitor','a',NULL,'2026-05-26 02:16:30'),(248,1131,30,37,'casing','a',NULL,'2026-05-26 02:16:30'),(249,1132,30,39,'keyboard','a',NULL,'2026-05-26 02:16:30'),(250,1133,30,40,'mouse','a',NULL,'2026-05-26 02:16:30'),(251,1134,30,42,'ups','a',NULL,'2026-05-26 02:16:30'),(252,1135,30,43,'printer','a',NULL,'2026-05-26 02:16:30'),(253,1113,30,1,'user_operator','a',NULL,'2026-05-26 02:16:30'),(254,1115,30,2,'office_college','CAPABILITY BUILDING UNIT (CBU)-EXTENSION',NULL,'2026-05-26 02:16:30'),(255,1117,30,3,'department','MAIN',NULL,'2026-05-26 02:16:30'),(256,1084,3,8,'equipment_cpu','1',NULL,'2026-05-26 01:24:07'),(257,1087,3,11,'equipment_mouse','1',NULL,'2026-05-26 01:24:07'),(258,1088,3,12,'equipment_printer','1',NULL,'2026-05-26 01:24:07'),(259,1089,3,13,'equipment_ups','1',NULL,'2026-05-26 01:24:07'),(260,1090,3,14,'equipment_avr','1',NULL,'2026-05-26 01:24:07'),(261,1091,3,19,'os_windows_10','1',NULL,'2026-05-26 01:24:07'),(262,1092,3,24,'software_adobe_reader','1',NULL,'2026-05-26 01:24:07'),(263,1093,3,30,'processor','a',NULL,'2026-05-26 01:24:07'),(264,386,33,52,'parent_psm_id','16',NULL,'2026-05-04 07:17:05'),(265,387,33,53,'maintenance_date','2026-05-04',NULL,'2026-05-04 07:17:05'),(266,388,33,54,'maintenance_month','2026-05',NULL,'2026-05-04 07:17:05'),(267,389,33,56,'checked_by','a',NULL,'2026-05-04 07:17:05'),(268,390,33,59,'item_0','ok','ok','2026-05-04 07:17:05'),(269,391,33,60,'item_1','repair','repair','2026-05-04 07:17:05'),(270,392,34,52,'parent_psm_id','26',NULL,'2026-05-04 07:33:29'),(271,393,34,53,'maintenance_date','2026-05-04',NULL,'2026-05-04 07:33:29'),(272,394,34,54,'maintenance_month','2026-05',NULL,'2026-05-04 07:33:29'),(273,395,34,56,'checked_by','Ken G. Ebal',NULL,'2026-05-04 07:33:29'),(274,396,34,59,'item_0','ok','ok','2026-05-04 07:33:29'),(275,397,34,60,'item_1','na','na','2026-05-04 07:33:29'),(276,398,34,61,'item_2','repair','repair','2026-05-04 07:33:29'),(277,399,34,62,'item_3','ok','ok','2026-05-04 07:33:30'),(278,400,34,63,'item_4','na','na','2026-05-04 07:33:30'),(279,401,34,64,'item_5','repair','repair','2026-05-04 07:33:30'),(280,402,34,65,'item_6','ok','ok','2026-05-04 07:33:30'),(281,403,34,66,'item_7','repair','repair','2026-05-04 07:33:30'),(282,404,34,67,'item_8','na','na','2026-05-04 07:33:30'),(283,405,34,68,'item_9','ok','ok','2026-05-04 07:33:30'),(284,406,34,69,'item_10','repair','repair','2026-05-04 07:33:30'),(285,407,34,70,'item_11','ok','ok','2026-05-04 07:33:30'),(286,1097,26,1,'user_operator','q',NULL,'2026-05-26 02:15:41'),(287,1099,26,2,'office_college','ACCOUNTING UNIT',NULL,'2026-05-26 02:15:41'),(288,1101,26,3,'department','MAIN',NULL,'2026-05-26 02:15:41'),(289,1102,26,46,'network_device_category_type','a',NULL,'2026-05-26 02:15:41'),(290,1103,26,47,'network_device_product_name','a',NULL,'2026-05-26 02:15:41'),(291,1104,26,48,'network_device_model_name','a',NULL,'2026-05-26 02:15:41'),(292,1105,26,49,'network_device_serial','a',NULL,'2026-05-26 02:15:41'),(293,1106,26,101,'network_device_mac_address','a',NULL,'2026-05-26 02:15:41'),(294,1107,26,50,'network_device_office_location','a',NULL,'2026-05-26 02:15:41'),(295,1108,26,102,'network_device_ip_address','a',NULL,'2026-05-26 02:15:41'),(296,1109,26,51,'network_device_vlan','a',NULL,'2026-05-26 02:15:41'),(297,1110,26,5,'checklist_date','2026-05-26',NULL,'2026-05-26 02:15:41'),(298,1111,26,4,'date_acquired','2026-05-04',NULL,'2026-05-26 02:15:41'),(299,1138,35,6,'checklist_type','wifi',NULL,'2026-05-26 02:17:11'),(300,1139,35,1,'user_operator','q',NULL,'2026-05-26 02:17:11'),(301,1141,35,2,'office_college','COLLEGE OF NURSING',NULL,'2026-05-26 02:17:11'),(302,1143,35,3,'department','MARAWI SIEGE - PCHRD - DOST FUND',NULL,'2026-05-26 02:17:11'),(303,1144,35,104,'wifi_category_type','q',NULL,'2026-05-26 02:17:11'),(304,1145,35,105,'wifi_product_name','q',NULL,'2026-05-26 02:17:11'),(305,1146,35,106,'wifi_model_name','q',NULL,'2026-05-26 02:17:11'),(306,1147,35,107,'wifi_serial','q',NULL,'2026-05-26 02:17:12'),(307,1148,35,108,'wifi_mac_address','q',NULL,'2026-05-26 02:17:12'),(308,1149,35,109,'wifi_office_location','q',NULL,'2026-05-26 02:17:12'),(309,1150,35,110,'wifi_ip_address','q',NULL,'2026-05-26 02:17:12'),(310,1151,35,111,'wifi_vlan','q',NULL,'2026-05-26 02:17:12'),(311,1152,35,112,'wifi_name','q',NULL,'2026-05-26 02:17:12'),(312,1153,35,113,'wifi_password','q',NULL,'2026-05-26 02:17:12'),(313,1154,35,114,'wifi_channel_supported','q',NULL,'2026-05-26 02:17:12'),(314,1155,35,5,'checklist_date','2026-05-26',NULL,'2026-05-26 02:17:12'),(315,1156,35,4,'date_acquired','2026-05-04',NULL,'2026-05-26 02:17:12'),(316,439,36,52,'parent_psm_id','35',NULL,'2026-05-04 08:01:20'),(317,440,36,53,'maintenance_date','2026-05-04',NULL,'2026-05-04 08:01:20'),(318,441,36,54,'maintenance_month','2026-05',NULL,'2026-05-04 08:01:20'),(319,442,36,56,'checked_by','Kent Christian Ebin',NULL,'2026-05-04 08:01:20'),(320,443,36,59,'item_0','ok','ok','2026-05-04 08:01:20'),(321,444,36,60,'item_1','repair','repair','2026-05-04 08:01:20'),(322,445,36,61,'item_2','ok','ok','2026-05-04 08:01:20'),(323,446,36,62,'item_3','na','na','2026-05-04 08:01:20'),(324,447,36,63,'item_4','repair','repair','2026-05-04 08:01:20'),(325,448,36,64,'item_5','repair','repair','2026-05-04 08:01:20'),(326,449,36,65,'item_6','na','na','2026-05-04 08:01:20'),(327,450,36,66,'item_7','ok','ok','2026-05-04 08:01:20'),(328,451,36,67,'item_8','ok','ok','2026-05-04 08:01:21'),(329,452,36,68,'item_9','repair','repair','2026-05-04 08:01:21'),(330,453,36,69,'item_10','ok','ok','2026-05-04 08:01:21'),(331,454,36,70,'item_11','na','na','2026-05-04 08:01:21'),(332,1370,37,6,'checklist_type','ups',NULL,'2026-05-26 05:12:34'),(333,1371,37,1,'user_operator','a',NULL,'2026-05-26 05:12:34'),(334,1373,37,2,'office_college','ACCOUNTING UNIT',NULL,'2026-05-26 05:12:34'),(335,1375,37,3,'department','MAIN',NULL,'2026-05-26 05:12:34'),(336,1376,37,115,'ups_category','a',NULL,'2026-05-26 05:12:34'),(337,1377,37,116,'ups_brand_name','a',NULL,'2026-05-26 05:12:34'),(338,1378,37,117,'ups_model_name','a',NULL,'2026-05-26 05:12:34'),(339,1379,37,118,'ups_mac_address','a',NULL,'2026-05-26 05:12:34'),(340,1380,37,119,'ups_serial','a',NULL,'2026-05-26 05:12:34'),(341,1381,37,120,'ups_total_power_capacity','a',NULL,'2026-05-26 05:12:34'),(342,1382,37,5,'checklist_date','2026-05-26',NULL,'2026-05-26 05:12:34'),(343,1383,37,4,'date_acquired','2026-05-04',NULL,'2026-05-26 05:12:34'),(344,467,38,52,'parent_psm_id','37',NULL,'2026-05-04 08:26:59'),(345,468,38,53,'maintenance_date','2026-05-04',NULL,'2026-05-04 08:26:59'),(346,469,38,54,'maintenance_month','2026-05',NULL,'2026-05-04 08:26:59'),(347,470,38,56,'checked_by','Quinn Nacua',NULL,'2026-05-04 08:26:59'),(348,471,38,59,'item_0','ok','ok','2026-05-04 08:26:59'),(349,472,38,60,'item_1','repair','repair','2026-05-04 08:26:59'),(350,473,38,61,'item_2','ok','ok','2026-05-04 08:26:59'),(351,474,38,63,'item_4','repair','repair','2026-05-04 08:26:59'),(352,475,38,64,'item_5','ok','ok','2026-05-04 08:26:59'),(353,476,38,65,'item_6','ok','ok','2026-05-04 08:26:59'),(354,477,38,66,'item_7','ok','ok','2026-05-04 08:26:59'),(355,478,38,67,'item_8','na','na','2026-05-04 08:26:59'),(356,491,7,5,'checklist_date','2026-05-04',NULL,'2026-05-04 08:32:35'),(357,492,7,4,'date_acquired','2026-05-04',NULL,'2026-05-04 08:32:35'),(358,1252,39,6,'checklist_type','cctv',NULL,'2026-05-26 02:52:30'),(359,1258,39,121,'cctv_category_type','a',NULL,'2026-05-26 02:52:30'),(360,1259,39,5,'checklist_date','2026-05-26',NULL,'2026-05-26 02:52:30'),(361,1260,39,4,'date_acquired','2026-05-05',NULL,'2026-05-26 02:52:30'),(362,497,40,52,'parent_psm_id','39',NULL,'2026-05-05 06:17:58'),(363,498,40,53,'maintenance_date','2026-05-05',NULL,'2026-05-05 06:17:58'),(364,499,40,54,'maintenance_month','2026-05',NULL,'2026-05-05 06:17:58'),(365,500,40,56,'checked_by','Ken G. Ebal',NULL,'2026-05-05 06:17:58'),(366,501,40,59,'item_0','ok','ok','2026-05-05 06:17:58'),(367,502,40,60,'item_1','repair','repair','2026-05-05 06:17:58'),(368,503,40,62,'item_3','ok','ok','2026-05-05 06:17:58'),(369,504,40,63,'item_4','repair','repair','2026-05-05 06:17:58'),(370,505,40,64,'item_5','na','na','2026-05-05 06:17:58'),(371,506,40,65,'item_6','ok','ok','2026-05-05 06:17:58'),(372,507,40,66,'item_7','repair','repair','2026-05-05 06:17:58'),(373,508,40,67,'item_8','ok','ok','2026-05-05 06:17:58'),(374,509,32,56,'checked_by','awa',NULL,'2026-05-05 06:55:43'),(375,1157,41,6,'checklist_type','pc',NULL,'2026-05-26 02:17:36'),(376,1158,41,1,'user_operator','asd',NULL,'2026-05-26 02:17:36'),(377,1160,41,2,'office_college','OFFICE OF FINANCIAL MANAGEMENT SERVICE (OFMS)',NULL,'2026-05-26 02:17:36'),(378,1162,41,3,'department','MAIN',NULL,'2026-05-26 02:17:36'),(379,1163,41,20,'os_others','1',NULL,'2026-05-26 02:17:36'),(380,1164,41,21,'os_others_specify','Windows 11 Home',NULL,'2026-05-26 02:17:36'),(381,1165,41,44,'mac_address','123-23-23-23',NULL,'2026-05-26 02:17:36'),(382,1166,41,8,'equipment_cpu','1',NULL,'2026-05-26 02:17:36'),(383,1167,41,9,'equipment_keyboard','1',NULL,'2026-05-26 02:17:36'),(384,1168,41,10,'equipment_monitor','1',NULL,'2026-05-26 02:17:36'),(385,1169,41,11,'equipment_mouse','1',NULL,'2026-05-26 02:17:36'),(386,1170,41,12,'equipment_printer','1',NULL,'2026-05-26 02:17:36'),(387,1171,41,13,'equipment_ups','1',NULL,'2026-05-26 02:17:36'),(388,1172,41,23,'software_media_player','1',NULL,'2026-05-26 02:17:36'),(389,1173,41,24,'software_adobe_reader','1',NULL,'2026-05-26 02:17:36'),(390,1174,41,25,'software_antivirus','1',NULL,'2026-05-26 02:17:36'),(391,1175,41,26,'software_word_processor','1',NULL,'2026-05-26 02:17:36'),(392,1176,41,27,'software_browser','1',NULL,'2026-05-26 02:17:36'),(393,1177,41,30,'processor','a',NULL,'2026-05-26 02:17:36'),(394,1178,41,31,'motherboard','a',NULL,'2026-05-26 02:17:36'),(395,1179,41,32,'memory','a',NULL,'2026-05-26 02:17:36'),(396,1180,41,33,'graphics_card','a',NULL,'2026-05-26 02:17:36'),(397,1181,41,34,'hard_disk','a',NULL,'2026-05-26 02:17:36'),(398,1182,41,36,'monitor','a',NULL,'2026-05-26 02:17:36'),(399,1183,41,37,'casing','a',NULL,'2026-05-26 02:17:36'),(400,1184,41,38,'power_supply_watts','a',NULL,'2026-05-26 02:17:36'),(401,1185,41,39,'keyboard','a',NULL,'2026-05-26 02:17:36'),(402,1186,41,40,'mouse','a',NULL,'2026-05-26 02:17:36'),(403,1187,41,41,'avr_watts','a',NULL,'2026-05-26 02:17:36'),(404,1188,41,42,'ups','a',NULL,'2026-05-26 02:17:36'),(405,1189,41,43,'printer','a',NULL,'2026-05-26 02:17:36'),(406,1190,41,5,'checklist_date','2026-05-26',NULL,'2026-05-26 02:17:36'),(407,1191,41,4,'date_acquired','2026-05-05',NULL,'2026-05-26 02:17:36'),(408,543,42,52,'parent_psm_id','41',NULL,'2026-05-05 07:07:06'),(409,544,42,53,'maintenance_date','2026-05-05',NULL,'2026-05-05 07:07:06'),(410,545,42,54,'maintenance_month','2026-05',NULL,'2026-05-05 07:07:06'),(411,546,42,56,'checked_by','Ken G. Ebal',NULL,'2026-05-05 07:07:06'),(412,547,42,59,'item_0','ok','ok','2026-05-05 07:07:06'),(413,548,42,60,'item_1','ok','ok','2026-05-05 07:07:06'),(414,549,42,61,'item_2','repair','repair','2026-05-05 07:07:06'),(415,550,42,89,'item_30','ok','ok','2026-05-05 07:07:06'),(416,582,43,6,'checklist_type','network_device',NULL,'2026-05-06 01:17:54'),(417,583,43,1,'user_operator','John Axl T. Redondo',NULL,'2026-05-06 01:17:54'),(418,584,43,2,'office_college','College of Information Sciences and Computing',NULL,'2026-05-06 01:17:54'),(419,585,43,3,'department','Information technology',NULL,'2026-05-06 01:17:54'),(420,586,43,46,'network_device_category_type','a123',NULL,'2026-05-06 01:17:54'),(421,587,43,47,'network_device_product_name','asd',NULL,'2026-05-06 01:17:54'),(422,588,43,48,'network_device_model_name','123',NULL,'2026-05-06 01:17:54'),(423,589,43,49,'network_device_serial','sdaa',NULL,'2026-05-06 01:17:54'),(424,590,43,101,'network_device_mac_address','asd',NULL,'2026-05-06 01:17:54'),(425,591,43,50,'network_device_office_location','da',NULL,'2026-05-06 01:17:54'),(426,592,43,102,'network_device_ip_address','dsa',NULL,'2026-05-06 01:17:54'),(427,593,43,51,'network_device_vlan','dasdasd',NULL,'2026-05-06 01:17:54'),(428,594,43,5,'checklist_date','2026-05-06',NULL,'2026-05-06 01:17:54'),(429,595,43,4,'date_acquired','2026-05-05',NULL,'2026-05-06 01:17:54'),(430,565,44,52,'parent_psm_id','43',NULL,'2026-05-05 07:07:48'),(431,566,44,53,'maintenance_date','2026-05-05',NULL,'2026-05-05 07:07:48'),(432,567,44,54,'maintenance_month','2026-05',NULL,'2026-05-05 07:07:48'),(433,568,44,56,'checked_by','Ken G. Ebal',NULL,'2026-05-05 07:07:48'),(434,569,44,58,'noted_by','Carlo Matin A. Sarausa',NULL,'2026-05-05 07:07:48'),(435,570,44,59,'item_0','ok','ok','2026-05-05 07:07:48'),(436,571,44,60,'item_1','repair','repair','2026-05-05 07:07:48'),(437,572,44,61,'item_2','na','na','2026-05-05 07:07:48'),(438,573,44,62,'item_3','ok','ok','2026-05-05 07:07:48'),(439,574,44,63,'item_4','repair','repair','2026-05-05 07:07:48'),(440,575,44,64,'item_5','repair','repair','2026-05-05 07:07:48'),(441,576,44,65,'item_6','ok','ok','2026-05-05 07:07:48'),(442,577,44,66,'item_7','repair','repair','2026-05-05 07:07:48'),(443,578,44,67,'item_8','ok','ok','2026-05-05 07:07:48'),(444,579,44,68,'item_9','repair','repair','2026-05-05 07:07:48'),(445,580,44,69,'item_10','ok','ok','2026-05-05 07:07:48'),(446,581,44,70,'item_11','repair','repair','2026-05-05 07:07:48'),(447,1354,45,6,'checklist_type','ip_phone',NULL,'2026-05-26 05:12:16'),(448,1355,45,1,'user_operator','John Axl T. Redondo',NULL,'2026-05-26 05:12:16'),(449,1357,45,2,'office_college','OFFICE OF STUDENT AFFAIRS',NULL,'2026-05-26 05:12:16'),(450,1359,45,3,'department','MAIN',NULL,'2026-05-26 05:12:16'),(451,1360,45,44,'mac_address','A4-WS-P2-3P-50',NULL,'2026-05-26 05:12:16'),(452,1361,45,94,'brand_name','Idk',NULL,'2026-05-26 05:12:16'),(453,1362,45,95,'model_name','Tokyo',NULL,'2026-05-26 05:12:16'),(454,1363,45,96,'serial_number','1294121',NULL,'2026-05-26 05:12:16'),(455,1364,45,97,'office_located','Information Science and Computing',NULL,'2026-05-26 05:12:16'),(456,1365,45,98,'ip_address_tagged','192.168.160.89',NULL,'2026-05-26 05:12:16'),(457,1366,45,99,'vlan','10',NULL,'2026-05-26 05:12:16'),(458,1367,45,100,'telephone_number','822',NULL,'2026-05-26 05:12:16'),(459,1368,45,5,'checklist_date','2026-05-26',NULL,'2026-05-26 05:12:16'),(460,1369,45,4,'date_acquired','2026-05-06',NULL,'2026-05-26 05:12:17'),(461,610,46,52,'parent_psm_id','45',NULL,'2026-05-06 02:20:40'),(462,611,46,53,'maintenance_date','2026-05-06',NULL,'2026-05-06 02:20:40'),(463,612,46,54,'maintenance_month','2026-05',NULL,'2026-05-06 02:20:40'),(464,613,46,56,'checked_by','Marlew Neil Bolinas',NULL,'2026-05-06 02:20:40'),(465,614,46,58,'noted_by','Carlo Matin A. Sarausa',NULL,'2026-05-06 02:20:40'),(466,615,46,59,'item_0','ok','ok','2026-05-06 02:20:40'),(467,616,46,60,'item_1','repair','repair','2026-05-06 02:20:40'),(468,617,46,61,'item_2','repair','repair','2026-05-06 02:20:40'),(469,618,46,62,'item_3','ok','ok','2026-05-06 02:20:40'),(470,619,46,63,'item_4','na','na','2026-05-06 02:20:40'),(471,620,46,64,'item_5','repair','repair','2026-05-06 02:20:40'),(472,621,46,65,'item_6','ok','ok','2026-05-06 02:20:40'),(473,622,46,66,'item_7','repair','repair','2026-05-06 02:20:40'),(474,623,46,67,'item_8','ok','ok','2026-05-06 02:20:40'),(475,624,46,68,'item_9','repair','repair','2026-05-06 02:20:40'),(476,625,46,69,'item_10','na','na','2026-05-06 02:20:40'),(477,626,46,70,'item_11','na','na','2026-05-06 02:20:40'),(478,627,46,71,'item_12','repair','repair','2026-05-06 02:20:40'),(479,628,46,72,'item_13','ok','ok','2026-05-06 02:20:40'),(480,1192,47,6,'checklist_type','server',NULL,'2026-05-26 02:24:40'),(481,1193,47,1,'user_operator','John Axl T. Redondo',NULL,'2026-05-26 02:24:40'),(482,1195,47,2,'office_college','COLLEGE OF HUMAN ECOLOGY',NULL,'2026-05-26 02:24:40'),(483,1197,47,3,'department','HOME ECONOMICS EDUCATION AND FAMILY LIFE',NULL,'2026-05-26 02:24:40'),(484,1200,47,20,'os_others','1',NULL,'2026-05-26 02:24:40'),(485,1201,47,21,'os_others_specify','Windows 11 Home',NULL,'2026-05-26 02:24:40'),(486,1204,47,44,'mac_address','A4-T3-88-C3-AE',NULL,'2026-05-26 02:24:40'),(487,1205,47,8,'equipment_cpu','1',NULL,'2026-05-26 02:24:40'),(488,1206,47,9,'equipment_keyboard','1',NULL,'2026-05-26 02:24:40'),(489,1207,47,10,'equipment_monitor','1',NULL,'2026-05-26 02:24:40'),(490,1208,47,11,'equipment_mouse','1',NULL,'2026-05-26 02:24:40'),(491,1209,47,12,'equipment_printer','1',NULL,'2026-05-26 02:24:40'),(492,1210,47,13,'equipment_ups','1',NULL,'2026-05-26 02:24:40'),(493,1211,47,22,'software_enrollment','1',NULL,'2026-05-26 02:24:40'),(494,1212,47,23,'software_media_player','1',NULL,'2026-05-26 02:24:40'),(495,1213,47,24,'software_adobe_reader','1',NULL,'2026-05-26 02:24:40'),(496,1214,47,25,'software_antivirus','1',NULL,'2026-05-26 02:24:40'),(497,1215,47,26,'software_word_processor','1',NULL,'2026-05-26 02:24:40'),(498,1216,47,27,'software_browser','1',NULL,'2026-05-26 02:24:40'),(499,1217,47,30,'processor','Intel Core i7',NULL,'2026-05-26 02:24:40'),(500,1218,47,31,'motherboard','Dell Aui7',NULL,'2026-05-26 02:24:40'),(501,1219,47,32,'memory','16.0GB',NULL,'2026-05-26 02:24:40'),(502,1220,47,33,'graphics_card','2047MB NVIDIA GeForce GT',NULL,'2026-05-26 02:24:40'),(503,1221,47,34,'hard_disk','931 Seagate ST1000DTNM',NULL,'2026-05-26 02:24:40'),(504,1222,47,36,'monitor','Dell',NULL,'2026-05-26 02:24:40'),(505,1223,47,37,'casing','TRENDSONIC',NULL,'2026-05-26 02:24:40'),(506,1224,47,40,'mouse','A4Tech',NULL,'2026-05-26 02:24:40'),(507,1225,47,41,'avr_watts','A4Tech',NULL,'2026-05-26 02:24:40'),(508,1226,47,43,'printer','Brother T4500dw',NULL,'2026-05-26 02:24:40'),(509,1227,47,5,'checklist_date','2026-05-26',NULL,'2026-05-26 02:24:40'),(510,1228,47,4,'date_acquired','2026-05-06',NULL,'2026-05-26 02:24:40'),(511,660,48,52,'parent_psm_id','47',NULL,'2026-05-06 02:53:22'),(512,661,48,53,'maintenance_date','2026-05-06',NULL,'2026-05-06 02:53:22'),(513,662,48,54,'maintenance_month','2026-05',NULL,'2026-05-06 02:53:22'),(514,663,48,56,'checked_by','Marlew Neil Bolinas',NULL,'2026-05-06 02:53:22'),(515,664,48,58,'noted_by','Carlo Matin A. Sarausa',NULL,'2026-05-06 02:53:22'),(516,665,48,59,'item_0','ok','ok','2026-05-06 02:53:22'),(517,666,48,60,'item_1','repair','repair','2026-05-06 02:53:22'),(518,667,48,61,'item_2','na','na','2026-05-06 02:53:22'),(519,668,48,62,'item_3','ok','ok','2026-05-06 02:53:22'),(520,669,48,63,'item_4','repair','repair','2026-05-06 02:53:22'),(521,670,48,64,'item_5','ok','ok','2026-05-06 02:53:22'),(522,671,48,65,'item_6','repair','repair','2026-05-06 02:53:22'),(523,672,48,66,'item_7','ok','ok','2026-05-06 02:53:22'),(524,673,48,67,'item_8','repair','repair','2026-05-06 02:53:22'),(525,674,48,68,'item_9','na','na','2026-05-06 02:53:22'),(526,675,48,69,'item_10','repair','repair','2026-05-06 02:53:22'),(527,676,48,70,'item_11','ok','ok','2026-05-06 02:53:22'),(528,677,48,71,'item_12','repair','repair','2026-05-06 02:53:22'),(529,678,48,73,'item_14','ok','ok','2026-05-06 02:53:22'),(530,679,48,74,'item_15','repair','repair','2026-05-06 02:53:22'),(531,680,48,75,'item_16','na','na','2026-05-06 02:53:22'),(532,681,48,76,'item_17','repair','repair','2026-05-06 02:53:22'),(533,682,48,77,'item_18','ok','ok','2026-05-06 02:53:22'),(534,683,48,78,'item_19','repair','repair','2026-05-06 02:53:22'),(535,684,48,79,'item_20','repair','repair','2026-05-06 02:53:22'),(536,685,48,80,'item_21','ok','ok','2026-05-06 02:53:22'),(537,686,48,81,'item_22','repair','repair','2026-05-06 02:53:22'),(538,687,48,82,'item_23','ok','ok','2026-05-06 02:53:22'),(539,688,48,83,'item_24','na','na','2026-05-06 02:53:22'),(540,689,48,84,'item_25','na','na','2026-05-06 02:53:22'),(541,690,48,85,'item_26','na','na','2026-05-06 02:53:22'),(542,691,48,86,'item_27','ok','ok','2026-05-06 02:53:22'),(543,692,48,87,'item_28','repair','repair','2026-05-06 02:53:22'),(544,693,49,6,'checklist_type','pc',NULL,'2026-05-06 04:08:36'),(545,694,49,1,'user_operator','John Axl Redondo',NULL,'2026-05-06 04:08:36'),(546,695,49,2,'office_college','College of Information Sciences and Computing',NULL,'2026-05-06 04:08:36'),(547,696,49,3,'department','Information Technology',NULL,'2026-05-06 04:08:36'),(548,697,49,15,'equipment_others','1',NULL,'2026-05-06 04:08:36'),(549,698,49,16,'equipment_others_specify','idk',NULL,'2026-05-06 04:08:36'),(550,699,49,20,'os_others','1',NULL,'2026-05-06 04:08:36'),(551,700,49,21,'os_others_specify','Windows 11 Home',NULL,'2026-05-06 04:08:36'),(552,701,49,28,'software_others','1',NULL,'2026-05-06 04:08:36'),(553,702,49,29,'software_others_specify','aaaa',NULL,'2026-05-06 04:08:36'),(554,703,49,44,'mac_address','0A-00-27-00-00-0B',NULL,'2026-05-06 04:08:36'),(555,704,49,8,'equipment_cpu','1',NULL,'2026-05-06 04:08:36'),(556,705,49,9,'equipment_keyboard','1',NULL,'2026-05-06 04:08:36'),(557,706,49,10,'equipment_monitor','1',NULL,'2026-05-06 04:08:36'),(558,707,49,12,'equipment_printer','1',NULL,'2026-05-06 04:08:36'),(559,708,49,13,'equipment_ups','1',NULL,'2026-05-06 04:08:36'),(560,709,49,22,'software_enrollment','1',NULL,'2026-05-06 04:08:36'),(561,710,49,23,'software_media_player','1',NULL,'2026-05-06 04:08:36'),(562,711,49,24,'software_adobe_reader','1',NULL,'2026-05-06 04:08:36'),(563,712,49,25,'software_antivirus','1',NULL,'2026-05-06 04:08:36'),(564,713,49,26,'software_word_processor','1',NULL,'2026-05-06 04:08:36'),(565,714,49,27,'software_browser','1',NULL,'2026-05-06 04:08:36'),(566,715,49,30,'processor','Intel Core i7 1255U',NULL,'2026-05-06 04:08:36'),(567,716,49,31,'motherboard','ASUSTeK COMPUTER INC',NULL,'2026-05-06 04:08:36'),(568,717,49,32,'memory','16.0GB',NULL,'2026-05-06 04:08:36'),(569,718,49,33,'graphics_card','Intel Iris Xe Graphics',NULL,'2026-05-06 04:08:36'),(570,719,49,34,'hard_disk','476GB NVMe HFS512GEJ9X108N',NULL,'2026-05-06 04:08:36'),(571,720,49,36,'monitor','Asus',NULL,'2026-05-06 04:08:36'),(572,721,49,39,'keyboard','Asus',NULL,'2026-05-06 04:08:36'),(573,722,49,40,'mouse','Attack Shark Model X11',NULL,'2026-05-06 04:08:36'),(574,723,49,43,'printer','EPSON L4160 Series',NULL,'2026-05-06 04:08:36'),(575,724,49,5,'checklist_date','2026-05-06',NULL,'2026-05-06 04:08:36'),(576,725,49,4,'date_acquired','2026-05-06',NULL,'2026-05-06 04:08:36'),(577,726,50,52,'parent_psm_id','49',NULL,'2026-05-06 05:33:27'),(578,727,50,53,'maintenance_date','2026-05-06',NULL,'2026-05-06 05:33:27'),(579,728,50,54,'maintenance_month','2026-05',NULL,'2026-05-06 05:33:27'),(580,729,50,56,'checked_by','Marlew Neil Bolinas',NULL,'2026-05-06 05:33:27'),(581,730,50,57,'conforme_by','Ken G. Ebal',NULL,'2026-05-06 05:33:27'),(582,731,50,59,'item_0','ok','ok','2026-05-06 05:33:27'),(583,732,50,60,'item_1','repair','repair','2026-05-06 05:33:27'),(584,733,50,61,'item_2','na','na','2026-05-06 05:33:27'),(585,734,50,62,'item_3','repair','repair','2026-05-06 05:33:27'),(586,735,50,63,'item_4','ok','ok','2026-05-06 05:33:27'),(587,736,50,64,'item_5','repair','repair','2026-05-06 05:33:27'),(588,737,50,65,'item_6','na','na','2026-05-06 05:33:27'),(589,738,50,66,'item_7','ok','ok','2026-05-06 05:33:27'),(590,739,50,67,'item_8','na','na','2026-05-06 05:33:27'),(591,740,50,68,'item_9','repair','repair','2026-05-06 05:33:27'),(592,741,50,69,'item_10','repair','repair','2026-05-06 05:33:27'),(593,742,50,70,'item_11','na','na','2026-05-06 05:33:27'),(594,743,50,71,'item_12','ok','ok','2026-05-06 05:33:27'),(595,744,50,72,'item_13','ok','ok','2026-05-06 05:33:27'),(596,745,50,73,'item_14','repair','repair','2026-05-06 05:33:27'),(597,746,50,74,'item_15','ok','ok','2026-05-06 05:33:27'),(598,747,50,75,'item_16','na','na','2026-05-06 05:33:27'),(599,748,50,76,'item_17','repair','repair','2026-05-06 05:33:27'),(600,749,50,77,'item_18','na','na','2026-05-06 05:33:27'),(601,750,50,78,'item_19','ok','ok','2026-05-06 05:33:27'),(602,751,50,79,'item_20','na','na','2026-05-06 05:33:27'),(603,752,50,80,'item_21','repair','repair','2026-05-06 05:33:27'),(604,753,50,81,'item_22','repair','repair','2026-05-06 05:33:27'),(605,754,50,82,'item_23','repair','repair','2026-05-06 05:33:27'),(606,755,50,83,'item_24','repair','repair','2026-05-06 05:33:27'),(607,756,50,84,'item_25','repair','repair','2026-05-06 05:33:27'),(608,757,50,85,'item_26','ok','ok','2026-05-06 05:33:27'),(609,758,50,86,'item_27','na','na','2026-05-06 05:33:27'),(610,759,50,87,'item_28','ok','ok','2026-05-06 05:33:27'),(611,760,50,88,'item_29','repair','repair','2026-05-06 05:33:27'),(612,761,50,89,'item_30','na','na','2026-05-06 05:33:27'),(613,762,50,90,'item_31','repair','repair','2026-05-06 05:33:27'),(614,763,50,91,'item_32','ok','ok','2026-05-06 05:33:27'),(615,1198,47,15,'equipment_others','1',NULL,'2026-05-26 02:24:40'),(616,1199,47,16,'equipment_others_specify','Asd',NULL,'2026-05-26 02:24:40'),(617,1202,47,28,'software_others','1',NULL,'2026-05-26 02:24:40'),(618,1203,47,29,'software_others_specify','secret',NULL,'2026-05-26 02:24:40'),(619,799,51,6,'checklist_type','wifi',NULL,'2026-05-06 07:21:36'),(620,800,51,1,'user_operator','John Axl Redondo',NULL,'2026-05-06 07:21:36'),(621,801,51,2,'office_college','College of Information Sciences and Computing',NULL,'2026-05-06 07:21:36'),(622,802,51,3,'department','Information Technology',NULL,'2026-05-06 07:21:36'),(623,803,51,104,'wifi_category_type','POE',NULL,'2026-05-06 07:21:36'),(624,804,51,105,'wifi_product_name','CONVERGE',NULL,'2026-05-06 07:21:36'),(625,805,51,106,'wifi_model_name','Model',NULL,'2026-05-06 07:21:36'),(626,806,51,107,'wifi_serial','11235',NULL,'2026-05-06 07:21:36'),(627,807,51,108,'wifi_mac_address','A0-00-00-3B-00-2A',NULL,'2026-05-06 07:21:36'),(628,808,51,109,'wifi_office_location','Information Sciences and Computing',NULL,'2026-05-06 07:21:36'),(629,809,51,110,'wifi_ip_address','192.168.170.0',NULL,'2026-05-06 07:21:36'),(630,810,51,111,'wifi_vlan','10',NULL,'2026-05-06 07:21:36'),(631,811,51,112,'wifi_name','DTO Tech',NULL,'2026-05-06 07:21:36'),(632,812,51,113,'wifi_password','12345678',NULL,'2026-05-06 07:21:36'),(633,813,51,114,'wifi_channel_supported','Cartoon Network',NULL,'2026-05-06 07:21:37'),(634,814,51,5,'checklist_date','2026-05-06',NULL,'2026-05-06 07:21:37'),(635,815,51,4,'date_acquired','2026-05-06',NULL,'2026-05-06 07:21:37'),(636,816,52,52,'parent_psm_id','51',NULL,'2026-05-06 07:22:15'),(637,817,52,53,'maintenance_date','2026-05-06',NULL,'2026-05-06 07:22:15'),(638,818,52,54,'maintenance_month','2026-05',NULL,'2026-05-06 07:22:15'),(639,819,52,56,'checked_by','Marlew Neel Bolinas',NULL,'2026-05-06 07:22:15'),(640,820,52,58,'noted_by','Carlo Matin A. Sarausa',NULL,'2026-05-06 07:22:15'),(641,821,52,59,'item_0','repair','repair','2026-05-06 07:22:15'),(642,822,52,60,'item_1','ok','ok','2026-05-06 07:22:15'),(643,823,52,61,'item_2','repair','repair','2026-05-06 07:22:15'),(644,824,52,62,'item_3','na','na','2026-05-06 07:22:15'),(645,825,52,63,'item_4','repair','repair','2026-05-06 07:22:15'),(646,826,52,64,'item_5','ok','ok','2026-05-06 07:22:15'),(647,827,52,65,'item_6','repair','repair','2026-05-06 07:22:15'),(648,828,52,66,'item_7','repair','repair','2026-05-06 07:22:15'),(649,829,52,67,'item_8','na','na','2026-05-06 07:22:15'),(650,830,52,68,'item_9','repair','repair','2026-05-06 07:22:15'),(651,831,52,69,'item_10','ok','ok','2026-05-06 07:22:15'),(652,832,52,70,'item_11','na','na','2026-05-06 07:22:15'),(653,833,53,6,'checklist_type','ups',NULL,'2026-05-07 06:00:12'),(654,834,53,1,'user_operator','John Axl T. Redondo',NULL,'2026-05-07 06:00:12'),(655,835,53,2,'office_college','College of Information Sciences and Computing',NULL,'2026-05-07 06:00:12'),(656,836,53,3,'department','Information Technology',NULL,'2026-05-07 06:00:12'),(657,837,53,115,'ups_category','Standard',NULL,'2026-05-07 06:00:12'),(658,838,53,116,'ups_brand_name','Eaton',NULL,'2026-05-07 06:00:12'),(659,839,53,117,'ups_model_name','CyberPower CP1500PFCLCD',NULL,'2026-05-07 06:00:12'),(660,840,53,118,'ups_mac_address','00-7A-00-00-LP-02',NULL,'2026-05-07 06:00:12'),(661,841,53,119,'ups_serial','12129412',NULL,'2026-05-07 06:00:12'),(662,842,53,120,'ups_total_power_capacity','12V',NULL,'2026-05-07 06:00:12'),(663,843,53,5,'checklist_date','2026-05-07',NULL,'2026-05-07 06:00:12'),(664,844,53,4,'date_acquired','2026-05-07',NULL,'2026-05-07 06:00:12'),(665,845,54,52,'parent_psm_id','53',NULL,'2026-05-07 06:00:50'),(666,846,54,53,'maintenance_date','2026-05-07',NULL,'2026-05-07 06:00:50'),(667,847,54,54,'maintenance_month','2026-05',NULL,'2026-05-07 06:00:50'),(668,848,54,56,'checked_by','Marlew Neil Bolinas',NULL,'2026-05-07 06:00:50'),(669,849,54,58,'noted_by','Carlo Matin A. Sarausa',NULL,'2026-05-07 06:00:50'),(670,850,54,59,'item_0','ok','ok','2026-05-07 06:00:50'),(671,851,54,60,'item_1','repair','repair','2026-05-07 06:00:50'),(672,852,54,61,'item_2','ok','ok','2026-05-07 06:00:50'),(673,853,54,62,'item_3','na','na','2026-05-07 06:00:50'),(674,854,54,63,'item_4','repair','repair','2026-05-07 06:00:50'),(675,855,54,64,'item_5','ok','ok','2026-05-07 06:00:50'),(676,856,54,65,'item_6','repair','repair','2026-05-07 06:00:50'),(677,857,54,66,'item_7','ok','ok','2026-05-07 06:00:50'),(678,858,54,67,'item_8','repair','repair','2026-05-07 06:00:50'),(679,859,55,6,'checklist_type','cctv',NULL,'2026-05-07 07:37:43'),(680,860,55,1,'user_operator','John Axl T. Redondo',NULL,'2026-05-07 07:37:43'),(681,861,55,2,'office_college','College of Information Sciences and Computing',NULL,'2026-05-07 07:37:43'),(682,862,55,3,'department','Information Technology',NULL,'2026-05-07 07:37:43'),(683,863,55,121,'cctv_category_type','POE',NULL,'2026-05-07 07:37:43'),(684,864,55,122,'cctv_product_name','Dahua',NULL,'2026-05-07 07:37:43'),(685,865,55,123,'cctv_model_name','Network Camera',NULL,'2026-05-07 07:37:43'),(686,866,55,124,'cctv_serial','12301239',NULL,'2026-05-07 07:37:43'),(687,867,55,125,'cctv_mac_address','00-12-34-56-78',NULL,'2026-05-07 07:37:43'),(688,868,55,126,'cctv_office_location','Information Technology',NULL,'2026-05-07 07:37:43'),(689,869,55,127,'cctv_ip_address','192.168.170.0',NULL,'2026-05-07 07:37:43'),(690,870,55,128,'cctv_vlan','10',NULL,'2026-05-07 07:37:43'),(691,871,55,5,'checklist_date','2026-05-07',NULL,'2026-05-07 07:37:43'),(692,872,55,4,'date_acquired','2026-05-07',NULL,'2026-05-07 07:37:43'),(693,873,56,52,'parent_psm_id','55',NULL,'2026-05-07 07:38:24'),(694,874,56,53,'maintenance_date','2026-05-07',NULL,'2026-05-07 07:38:24'),(695,875,56,54,'maintenance_month','2026-05',NULL,'2026-05-07 07:38:24'),(696,876,56,56,'checked_by','Marlew Neel Bolinas',NULL,'2026-05-07 07:38:24'),(697,877,56,58,'noted_by','Carlo Matin A. Sarausa',NULL,'2026-05-07 07:38:24'),(698,878,56,59,'item_0','ok','ok','2026-05-07 07:38:24'),(699,879,56,60,'item_1','repair','repair','2026-05-07 07:38:24'),(700,880,56,61,'item_2','na','na','2026-05-07 07:38:24'),(701,881,56,62,'item_3','ok','ok','2026-05-07 07:38:24'),(702,882,56,63,'item_4','repair','repair','2026-05-07 07:38:24'),(703,883,56,64,'item_5','na','na','2026-05-07 07:38:24'),(704,884,56,65,'item_6','ok','ok','2026-05-07 07:38:24'),(705,885,56,66,'item_7','repair','repair','2026-05-07 07:38:24'),(706,886,56,67,'item_8','ok','ok','2026-05-07 07:38:24'),(707,887,57,6,'checklist_type','ip_phone',NULL,'2026-05-14 07:10:25'),(708,888,57,1,'user_operator','NACUA QUINN',NULL,'2026-05-14 07:10:25'),(709,889,57,2,'office_college','College of Information Sciences and Computing',NULL,'2026-05-14 07:10:25'),(710,890,57,3,'department','BSIT',NULL,'2026-05-14 07:10:25'),(711,891,57,44,'mac_address','a',NULL,'2026-05-14 07:10:25'),(712,892,57,94,'brand_name','aba',NULL,'2026-05-14 07:10:25'),(713,893,57,95,'model_name','a',NULL,'2026-05-14 07:10:25'),(714,894,57,96,'serial_number','a',NULL,'2026-05-14 07:10:25'),(715,895,57,97,'office_located','a',NULL,'2026-05-14 07:10:25'),(716,896,57,98,'ip_address_tagged','a',NULL,'2026-05-14 07:10:25'),(717,897,57,99,'vlan','a',NULL,'2026-05-14 07:10:25'),(718,898,57,100,'telephone_number','a',NULL,'2026-05-14 07:10:25'),(719,899,57,129,'maintenance_photo','preventive-maintenance/photos/kR3zI1Umxm3ddEkENmGYLmVVcxVvRTEA3hWgyjGS.jpg',NULL,'2026-05-14 07:10:25'),(720,900,57,5,'checklist_date','2026-05-14',NULL,'2026-05-14 07:10:25'),(721,901,57,4,'date_acquired','2026-05-14',NULL,'2026-05-14 07:10:25'),(722,902,58,52,'parent_psm_id','57',NULL,'2026-05-14 07:11:03'),(723,903,58,53,'maintenance_date','2026-05-14',NULL,'2026-05-14 07:11:03'),(724,904,58,54,'maintenance_month','2026-05',NULL,'2026-05-14 07:11:03'),(725,905,58,56,'checked_by','a',NULL,'2026-05-14 07:11:03'),(726,906,58,58,'noted_by','Carlo Matin A. Sarausa',NULL,'2026-05-14 07:11:03'),(727,907,58,59,'item_0','ok','ok','2026-05-14 07:11:03'),(728,908,58,60,'item_1','repair','repair','2026-05-14 07:11:03'),(729,909,58,61,'item_2','na','na','2026-05-14 07:11:03'),(730,910,58,62,'item_3','na','na','2026-05-14 07:11:03'),(731,911,58,63,'item_4','ok','ok','2026-05-14 07:11:03'),(732,912,58,64,'item_5','repair','repair','2026-05-14 07:11:03'),(733,913,58,65,'item_6','repair','repair','2026-05-14 07:11:03'),(734,914,58,66,'item_7','na','na','2026-05-14 07:11:03'),(735,915,58,67,'item_8','ok','ok','2026-05-14 07:11:03'),(736,916,58,68,'item_9','repair','repair','2026-05-14 07:11:03'),(737,917,58,69,'item_10','ok','ok','2026-05-14 07:11:03'),(738,918,58,70,'item_11','na','na','2026-05-14 07:11:03'),(739,919,58,71,'item_12','repair','repair','2026-05-14 07:11:03'),(740,920,58,72,'item_13','ok','ok','2026-05-14 07:11:03'),(741,1243,59,6,'checklist_type','ip_phone',NULL,'2026-05-26 02:52:12'),(742,1250,59,5,'checklist_date','2026-05-26',NULL,'2026-05-26 02:52:12'),(743,1251,59,4,'date_acquired','2026-05-15',NULL,'2026-05-26 02:52:12'),(744,1249,59,129,'maintenance_photo','[\"preventive-maintenance/photos/ZrmtV6EI1bbH19dqmKlaPAf5KwCBHzute1cANtWD.jpg\",\"preventive-maintenance/photos/uq37scye3rNRPkcJWSQAHhUYXicyu0iITmNDQW8W.jpg\"]',NULL,'2026-05-26 02:52:12'),(745,925,60,52,'parent_psm_id','57',NULL,'2026-05-15 06:35:58'),(746,926,60,53,'maintenance_date','2026-05-15',NULL,'2026-05-15 06:35:58'),(747,927,60,54,'maintenance_month','2026-05',NULL,'2026-05-15 06:35:58'),(748,928,60,56,'checked_by','a',NULL,'2026-05-15 06:35:58'),(749,929,60,58,'noted_by','Carlo Matin A. Sarausa',NULL,'2026-05-15 06:35:58'),(750,930,60,59,'item_0','ok','ok','2026-05-15 06:35:58'),(751,931,60,60,'item_1','repair','repair','2026-05-15 06:35:58'),(752,932,60,61,'item_2','na','na','2026-05-15 06:35:58'),(753,933,60,62,'item_3','ok','ok','2026-05-15 06:35:58'),(754,934,60,63,'item_4','repair','repair','2026-05-15 06:35:58'),(755,935,60,64,'item_5','ok','ok','2026-05-15 06:35:58'),(756,936,60,65,'item_6','repair','repair','2026-05-15 06:35:58'),(757,937,60,66,'item_7','ok','ok','2026-05-15 06:35:58'),(758,938,60,67,'item_8','na','na','2026-05-15 06:35:58'),(759,939,60,68,'item_9','repair','repair','2026-05-15 06:35:58'),(760,940,60,69,'item_10','ok','ok','2026-05-15 06:35:58'),(761,941,60,70,'item_11','repair','repair','2026-05-15 06:35:58'),(762,942,60,71,'item_12','repair','repair','2026-05-15 06:35:58'),(763,943,60,72,'item_13','ok','ok','2026-05-15 06:35:58'),(764,944,61,52,'parent_psm_id','57',NULL,'2026-05-15 06:35:59'),(765,945,61,53,'maintenance_date','2026-05-15',NULL,'2026-05-15 06:35:59'),(766,946,61,54,'maintenance_month','2026-05',NULL,'2026-05-15 06:35:59'),(767,947,61,56,'checked_by','a',NULL,'2026-05-15 06:35:59'),(768,948,61,58,'noted_by','Carlo Matin A. Sarausa',NULL,'2026-05-15 06:35:59'),(769,949,61,59,'item_0','ok','ok','2026-05-15 06:35:59'),(770,950,61,60,'item_1','repair','repair','2026-05-15 06:35:59'),(771,951,61,61,'item_2','na','na','2026-05-15 06:35:59'),(772,952,61,62,'item_3','ok','ok','2026-05-15 06:35:59'),(773,953,61,63,'item_4','repair','repair','2026-05-15 06:35:59'),(774,954,61,64,'item_5','ok','ok','2026-05-15 06:35:59'),(775,955,61,65,'item_6','repair','repair','2026-05-15 06:35:59'),(776,956,61,66,'item_7','ok','ok','2026-05-15 06:35:59'),(777,957,61,67,'item_8','na','na','2026-05-15 06:35:59'),(778,958,61,68,'item_9','repair','repair','2026-05-15 06:35:59'),(779,959,61,69,'item_10','ok','ok','2026-05-15 06:35:59'),(780,960,61,70,'item_11','repair','repair','2026-05-15 06:35:59'),(781,961,61,71,'item_12','repair','repair','2026-05-15 06:35:59'),(782,962,61,72,'item_13','ok','ok','2026-05-15 06:35:59'),(783,963,62,52,'parent_psm_id','57',NULL,'2026-05-15 06:40:31'),(784,964,62,53,'maintenance_date','2026-05-15',NULL,'2026-05-15 06:40:31'),(785,965,62,54,'maintenance_month','2026-05',NULL,'2026-05-15 06:40:31'),(786,966,62,56,'checked_by','John Fitzgerald Agot',NULL,'2026-05-15 06:40:31'),(787,967,62,58,'noted_by','Carlo Matin A. Sarausa',NULL,'2026-05-15 06:40:31'),(788,968,62,59,'item_0','ok','ok','2026-05-15 06:40:31'),(789,969,62,72,'item_13','repair','repair','2026-05-15 06:40:31'),(790,970,63,52,'parent_psm_id','57',NULL,'2026-05-15 06:40:58'),(791,971,63,53,'maintenance_date','2026-05-15',NULL,'2026-05-15 06:40:58'),(792,972,63,54,'maintenance_month','2026-05',NULL,'2026-05-15 06:40:58'),(793,973,63,56,'checked_by','John Fitzgerald Agot',NULL,'2026-05-15 06:40:58'),(794,974,63,58,'noted_by','Carlo Matin A. Sarausa',NULL,'2026-05-15 06:40:58'),(795,975,63,59,'item_0','ok','ok','2026-05-15 06:40:58'),(796,976,63,72,'item_13','repair','repair','2026-05-15 06:40:58'),(797,977,64,52,'parent_psm_id','57',NULL,'2026-05-15 06:44:27'),(798,978,64,53,'maintenance_date','2026-05-15',NULL,'2026-05-15 06:44:27'),(799,979,64,54,'maintenance_month','2026-05',NULL,'2026-05-15 06:44:27'),(800,980,64,56,'checked_by','a',NULL,'2026-05-15 06:44:27'),(801,981,64,58,'noted_by','Carlo Matin A. Sarausa',NULL,'2026-05-15 06:44:27'),(802,982,64,59,'item_0','ok','ok','2026-05-15 06:44:27'),(803,983,64,60,'item_1','repair','repair','2026-05-15 06:44:27'),(804,984,64,61,'item_2','ok','ok','2026-05-15 06:44:27'),(805,985,64,62,'item_3','na','na','2026-05-15 06:44:27'),(806,986,64,64,'item_5','ok','ok','2026-05-15 06:44:27'),(807,987,64,65,'item_6','repair','repair','2026-05-15 06:44:27'),(808,988,64,66,'item_7','repair','repair','2026-05-15 06:44:27'),(809,989,64,68,'item_9','na','na','2026-05-15 06:44:27'),(810,990,64,70,'item_11','repair','repair','2026-05-15 06:44:27'),(811,991,64,71,'item_12','ok','ok','2026-05-15 06:44:27'),(812,992,64,72,'item_13','repair','repair','2026-05-15 06:44:27'),(813,1012,65,6,'checklist_type','network_device',NULL,'2026-05-18 05:27:51'),(814,1026,65,5,'checklist_date','2026-05-18',NULL,'2026-05-18 05:27:51'),(815,1027,65,4,'date_acquired','2026-05-16',NULL,'2026-05-18 05:27:51'),(816,1384,66,6,'checklist_type','ip_phone',NULL,'2026-05-26 05:12:55'),(817,1385,66,1,'user_operator','a',NULL,'2026-05-26 05:12:55'),(818,1386,66,130,'college_office_id','16',NULL,'2026-05-26 05:12:55'),(819,1387,66,2,'office_college','COLLEGE OF ARTS AND SCIENCE',NULL,'2026-05-26 05:12:55'),(820,1388,66,131,'department_id','50',NULL,'2026-05-26 05:12:55'),(821,1389,66,3,'department','CHEMISTRY DEPARTMENT',NULL,'2026-05-26 05:12:55'),(822,1390,66,44,'mac_address','a',NULL,'2026-05-26 05:12:55'),(823,1391,66,94,'brand_name','a',NULL,'2026-05-26 05:12:55'),(824,1392,66,95,'model_name','a',NULL,'2026-05-26 05:12:55'),(825,1393,66,96,'serial_number','a',NULL,'2026-05-26 05:12:55'),(826,1394,66,97,'office_located','a',NULL,'2026-05-26 05:12:55'),(827,1395,66,98,'ip_address_tagged','a',NULL,'2026-05-26 05:12:55'),(828,1396,66,99,'vlan','a',NULL,'2026-05-26 05:12:55'),(829,1397,66,100,'telephone_number','a',NULL,'2026-05-26 05:12:55'),(830,1398,66,5,'checklist_date','2026-05-26',NULL,'2026-05-26 05:12:55'),(831,1399,66,4,'date_acquired','2026-05-18',NULL,'2026-05-26 05:12:55'),(832,1013,65,1,'user_operator','aasd',NULL,'2026-05-18 05:27:51'),(833,1014,65,130,'college_office_id','61',NULL,'2026-05-18 05:27:51'),(834,1015,65,2,'office_college','PROJECT IMPLEMENTING UNIT',NULL,'2026-05-18 05:27:51'),(835,1016,65,131,'department_id','152',NULL,'2026-05-18 05:27:51'),(836,1017,65,3,'department','MAIN',NULL,'2026-05-18 05:27:51'),(837,1018,65,46,'network_device_category_type','POE',NULL,'2026-05-18 05:27:51'),(838,1019,65,47,'network_device_product_name','a',NULL,'2026-05-18 05:27:51'),(839,1020,65,48,'network_device_model_name','a',NULL,'2026-05-18 05:27:51'),(840,1021,65,49,'network_device_serial','a',NULL,'2026-05-18 05:27:51'),(841,1022,65,101,'network_device_mac_address','a',NULL,'2026-05-18 05:27:51'),(842,1023,65,50,'network_device_office_location','a',NULL,'2026-05-18 05:27:51'),(843,1024,65,102,'network_device_ip_address','a',NULL,'2026-05-18 05:27:51'),(844,1025,65,51,'network_device_vlan','a',NULL,'2026-05-18 05:27:51'),(845,1028,67,52,'parent_psm_id','66',NULL,'2026-05-19 03:05:33'),(846,1029,67,53,'maintenance_date','2026-05-19',NULL,'2026-05-19 03:05:33'),(847,1030,67,54,'maintenance_month','2026-05',NULL,'2026-05-19 03:05:33'),(848,1031,67,132,'commission_status','for_repair',NULL,'2026-05-19 03:05:33'),(849,1032,67,58,'noted_by','Carlo Matin A. Sarausa',NULL,'2026-05-19 03:05:33'),(850,1033,67,70,'item_11','na','na','2026-05-19 03:05:33'),(851,1034,67,71,'item_12','ok','ok','2026-05-19 03:05:33'),(852,1037,22,130,'college_office_id','27',NULL,'2026-05-21 00:04:23'),(853,1039,22,131,'department_id','106',NULL,'2026-05-21 00:04:23'),(854,1049,22,5,'checklist_date','2026-05-21',NULL,'2026-05-21 00:04:23'),(855,1050,22,4,'date_acquired','2026-05-21',NULL,'2026-05-21 00:04:23'),(856,1053,6,130,'college_office_id','1',NULL,'2026-05-21 00:05:04'),(857,1055,6,131,'department_id','1',NULL,'2026-05-21 00:05:04'),(858,1069,5,130,'college_office_id','1',NULL,'2026-05-26 01:23:41'),(859,1071,5,131,'department_id','1',NULL,'2026-05-26 01:23:41'),(860,1078,3,130,'college_office_id','1',NULL,'2026-05-26 01:24:07'),(861,1080,3,131,'department_id','1',NULL,'2026-05-26 01:24:07'),(862,1098,26,130,'college_office_id','1',NULL,'2026-05-26 02:15:41'),(863,1100,26,131,'department_id','1',NULL,'2026-05-26 02:15:41'),(864,1114,30,130,'college_office_id','6',NULL,'2026-05-26 02:16:30'),(865,1116,30,131,'department_id','13',NULL,'2026-05-26 02:16:30'),(866,1140,35,130,'college_office_id','22',NULL,'2026-05-26 02:17:11'),(867,1142,35,131,'department_id','94',NULL,'2026-05-26 02:17:11'),(868,1159,41,130,'college_office_id','47',NULL,'2026-05-26 02:17:36'),(869,1161,41,131,'department_id','135',NULL,'2026-05-26 02:17:36'),(870,1194,47,130,'college_office_id','21',NULL,'2026-05-26 02:24:40'),(871,1196,47,131,'department_id','88',NULL,'2026-05-26 02:24:40'),(872,1230,24,130,'college_office_id','1',NULL,'2026-05-26 02:50:36'),(873,1231,24,2,'office_college','ACCOUNTING UNIT',NULL,'2026-05-26 02:50:36'),(874,1232,24,131,'department_id','1',NULL,'2026-05-26 02:50:36'),(875,1233,24,3,'department','MAIN',NULL,'2026-05-26 02:50:36'),(876,1234,24,5,'checklist_date','2026-05-26',NULL,'2026-05-26 02:50:36'),(877,1235,24,4,'date_acquired','2026-05-26',NULL,'2026-05-26 02:50:36'),(878,1237,27,130,'college_office_id','1',NULL,'2026-05-26 02:51:11'),(879,1238,27,2,'office_college','ACCOUNTING UNIT',NULL,'2026-05-26 02:51:11'),(880,1239,27,131,'department_id','1',NULL,'2026-05-26 02:51:11'),(881,1240,27,3,'department','MAIN',NULL,'2026-05-26 02:51:11'),(882,1242,27,4,'date_acquired','2026-05-26',NULL,'2026-05-26 02:51:11'),(883,1244,59,1,'user_operator','Kent Christian Ebin',NULL,'2026-05-26 02:52:12'),(884,1245,59,130,'college_office_id','66',NULL,'2026-05-26 02:52:12'),(885,1246,59,2,'office_college','RESEARCH OFFICE',NULL,'2026-05-26 02:52:12'),(886,1247,59,131,'department_id','157',NULL,'2026-05-26 02:52:12'),(887,1248,59,3,'department','MAIN',NULL,'2026-05-26 02:52:12'),(888,1253,39,1,'user_operator','s',NULL,'2026-05-26 02:52:30'),(889,1254,39,130,'college_office_id','2',NULL,'2026-05-26 02:52:30'),(890,1255,39,2,'office_college','AGRI-HERITAGE-ECO (AHE) TOURISM OFFICE',NULL,'2026-05-26 02:52:30'),(891,1256,39,131,'department_id','2',NULL,'2026-05-26 02:52:30'),(892,1257,39,3,'department','MAIN',NULL,'2026-05-26 02:52:30'),(893,1262,21,130,'college_office_id','54',NULL,'2026-05-26 05:01:17'),(894,1263,21,2,'office_college','OFFICE OF THE PRESIDENT',NULL,'2026-05-26 05:01:17'),(895,1264,21,131,'department_id','142',NULL,'2026-05-26 05:01:17'),(896,1265,21,3,'department','LEGAL OFFICE',NULL,'2026-05-26 05:01:17'),(897,1266,21,5,'checklist_date','2026-05-26',NULL,'2026-05-26 05:01:17'),(898,1267,21,4,'date_acquired','2026-05-26',NULL,'2026-05-26 05:01:17'),(899,1270,20,130,'college_office_id','1',NULL,'2026-05-26 05:01:34'),(900,1271,20,2,'office_college','ACCOUNTING UNIT',NULL,'2026-05-26 05:01:34'),(901,1272,20,131,'department_id','1',NULL,'2026-05-26 05:01:34'),(902,1273,20,3,'department','MAIN',NULL,'2026-05-26 05:01:34'),(903,1276,20,5,'checklist_date','2026-05-26',NULL,'2026-05-26 05:01:34'),(904,1277,20,4,'date_acquired','2026-05-26',NULL,'2026-05-26 05:01:34'),(905,1279,18,130,'college_office_id','78',NULL,'2026-05-26 05:02:23'),(906,1280,18,2,'office_college','UNIVERSITY LIBRARY',NULL,'2026-05-26 05:02:23'),(907,1281,18,131,'department_id','175',NULL,'2026-05-26 05:02:23'),(908,1282,18,3,'department','MAIN',NULL,'2026-05-26 05:02:23'),(909,1283,18,5,'checklist_date','2026-05-26',NULL,'2026-05-26 05:02:23'),(910,1284,18,4,'date_acquired','2026-05-26',NULL,'2026-05-26 05:02:23'),(911,1286,17,130,'college_office_id','50',NULL,'2026-05-26 05:02:44'),(912,1287,17,2,'office_college','OFFICE OF STUDENT AFFAIRS',NULL,'2026-05-26 05:02:44'),(913,1288,17,131,'department_id','138',NULL,'2026-05-26 05:02:44'),(914,1289,17,3,'department','MAIN',NULL,'2026-05-26 05:02:44'),(915,1290,17,5,'checklist_date','2026-05-26',NULL,'2026-05-26 05:02:44'),(916,1291,17,4,'date_acquired','2026-05-26',NULL,'2026-05-26 05:02:44'),(917,1294,16,130,'college_office_id','76',NULL,'2026-05-26 05:03:04'),(918,1296,16,131,'department_id','173',NULL,'2026-05-26 05:03:05'),(919,1306,16,5,'checklist_date','2026-05-26',NULL,'2026-05-26 05:03:05'),(920,1307,16,4,'date_acquired','2026-05-26',NULL,'2026-05-26 05:03:05'),(921,1310,4,130,'college_office_id','14',NULL,'2026-05-26 05:05:23'),(922,1312,4,131,'department_id','25',NULL,'2026-05-26 05:05:23'),(923,1320,9,130,'college_office_id','1',NULL,'2026-05-26 05:06:07'),(924,1321,9,2,'office_college','ACCOUNTING UNIT',NULL,'2026-05-26 05:06:07'),(925,1322,9,131,'department_id','1',NULL,'2026-05-26 05:06:07'),(926,1323,9,3,'department','MAIN',NULL,'2026-05-26 05:06:07'),(927,1324,9,5,'checklist_date','2026-05-26',NULL,'2026-05-26 05:06:07'),(928,1325,9,4,'date_acquired','2026-05-26',NULL,'2026-05-26 05:06:07'),(929,1328,13,130,'college_office_id','1',NULL,'2026-05-26 05:06:46'),(930,1330,13,131,'department_id','1',NULL,'2026-05-26 05:06:46'),(931,1352,13,5,'checklist_date','2026-05-26',NULL,'2026-05-26 05:06:47'),(932,1356,45,130,'college_office_id','50',NULL,'2026-05-26 05:12:16'),(933,1358,45,131,'department_id','138',NULL,'2026-05-26 05:12:16'),(934,1372,37,130,'college_office_id','1',NULL,'2026-05-26 05:12:34'),(935,1374,37,131,'department_id','1',NULL,'2026-05-26 05:12:34'),(936,1400,68,52,'parent_psm_id','65',NULL,'2026-05-26 05:14:52'),(937,1401,68,53,'maintenance_date','2026-05-26',NULL,'2026-05-26 05:14:52'),(938,1402,68,54,'maintenance_month','2026-05',NULL,'2026-05-26 05:14:52'),(939,1403,68,132,'commission_status','under_maintenance',NULL,'2026-05-26 05:14:52'),(940,1404,68,58,'noted_by','Carlo Matin A. Sarausa',NULL,'2026-05-26 05:14:52'),(941,1405,68,59,'item_0','ok','ok','2026-05-26 05:14:52'),(942,1406,68,60,'item_1','repair','repair','2026-05-26 05:14:53'),(943,1407,68,70,'item_11','repair','repair','2026-05-26 05:14:53'),(944,1408,69,6,'checklist_type','pc',NULL,'2026-05-26 05:31:00'),(945,1409,69,130,'college_office_id','2',NULL,'2026-05-26 05:31:00'),(946,1410,69,2,'office_college','AGRI-HERITAGE-ECO (AHE) TOURISM OFFICE',NULL,'2026-05-26 05:31:00'),(947,1411,69,131,'department_id','2',NULL,'2026-05-26 05:31:00'),(948,1412,69,3,'department','MAIN',NULL,'2026-05-26 05:31:00'),(949,1413,69,5,'checklist_date','2026-05-26',NULL,'2026-05-26 05:31:00'),(950,1414,69,4,'date_acquired','2026-05-26',NULL,'2026-05-26 05:31:00'),(951,1415,70,1,'user_operator','John Doe',NULL,'2026-05-27 01:58:10'),(952,1416,70,2,'office_college','Information Technology',NULL,'2026-05-27 01:58:10'),(953,1417,70,3,'department','Infrastructure',NULL,'2026-05-27 01:58:10'),(954,1418,70,4,'date_acquired','2023-06-15',NULL,'2026-05-27 01:58:10'),(955,1419,70,5,'checklist_date','2026-05-27',NULL,'2026-05-27 01:58:10'),(956,1420,70,6,'checklist_type','pc',NULL,'2026-05-27 01:58:10'),(957,1421,70,7,'pc_name','Desktop-001',NULL,'2026-05-27 01:58:10'),(958,1422,70,44,'mac_address','00:1A:2B:3C:4D:5E',NULL,'2026-05-27 01:58:10'),(959,1423,70,45,'ip_address','192.168.1.100',NULL,'2026-05-27 01:58:10'),(960,1424,71,1,'user_operator','Jane Smith',NULL,'2026-05-27 01:58:10'),(961,1425,71,2,'office_college','Infrastructure',NULL,'2026-05-27 01:58:10'),(962,1426,71,3,'department','Systems',NULL,'2026-05-27 01:58:10'),(963,1427,71,4,'date_acquired','2022-03-20',NULL,'2026-05-27 01:58:10'),(964,1428,71,5,'checklist_date','2026-05-27',NULL,'2026-05-27 01:58:10'),(965,1429,71,6,'checklist_type','server',NULL,'2026-05-27 01:58:10'),(966,1430,71,7,'pc_name','Server-Web-01',NULL,'2026-05-27 01:58:10'),(967,1431,71,44,'mac_address','00:1A:2B:3C:4D:5F',NULL,'2026-05-27 01:58:10'),(968,1432,71,45,'ip_address','192.168.100.50',NULL,'2026-05-27 01:58:10'),(969,1433,72,1,'user_operator','Robert Johnson',NULL,'2026-05-27 01:58:10'),(970,1434,72,2,'office_college','Communications',NULL,'2026-05-27 01:58:10'),(971,1435,72,3,'department','Telecommunications',NULL,'2026-05-27 01:58:10'),(972,1436,72,4,'date_acquired','2023-01-10',NULL,'2026-05-27 01:58:10'),(973,1437,72,5,'checklist_date','2026-05-27',NULL,'2026-05-27 01:58:10'),(974,1438,72,6,'checklist_type','ip_phone',NULL,'2026-05-27 01:58:10'),(975,1439,72,44,'mac_address','00:25:86:XX:XX:XX',NULL,'2026-05-27 01:58:10'),(976,1440,72,94,'brand_name','Cisco',NULL,'2026-05-27 01:58:10'),(977,1441,72,95,'model_name','CP-7841',NULL,'2026-05-27 01:58:10'),(978,1442,72,96,'serial_number','FCH2410XXXX',NULL,'2026-05-27 01:58:10'),(979,1443,72,97,'office_located','Building A, Room 302',NULL,'2026-05-27 01:58:10'),(980,1444,72,98,'ip_address_tagged','192.168.2.30',NULL,'2026-05-27 01:58:10'),(981,1445,72,99,'vlan','VLAN 20',NULL,'2026-05-27 01:58:10'),(982,1446,72,100,'telephone_number','+63-88-123456 ext. 302',NULL,'2026-05-27 01:58:10'),(983,1447,73,1,'user_operator','Michael Brown',NULL,'2026-05-27 01:58:10'),(984,1448,73,2,'office_college','Infrastructure',NULL,'2026-05-27 01:58:10'),(985,1449,73,3,'department','Network Operations',NULL,'2026-05-27 01:58:10'),(986,1450,73,4,'date_acquired','2022-11-05',NULL,'2026-05-27 01:58:10'),(987,1451,73,5,'checklist_date','2026-05-27',NULL,'2026-05-27 01:58:10'),(988,1452,73,6,'checklist_type','network_device',NULL,'2026-05-27 01:58:10'),(989,1453,73,44,'mac_address','00:26:98:XX:XX:XX',NULL,'2026-05-27 01:58:10'),(990,1454,73,45,'ip_address','192.168.100.10',NULL,'2026-05-27 01:58:10'),(991,1455,73,46,'network_device_category_type','Managed POE Switch',NULL,'2026-05-27 01:58:10'),(992,1456,73,47,'network_device_product_name','Cisco Catalyst',NULL,'2026-05-27 01:58:10'),(993,1457,73,48,'network_device_model_name','C2960X-48TS-L',NULL,'2026-05-27 01:58:10'),(994,1458,73,49,'network_device_serial','FCW2222XXXX',NULL,'2026-05-27 01:58:10'),(995,1459,73,50,'network_device_office_location','Building A, Network Room 1',NULL,'2026-05-27 01:58:10'),(996,1460,73,51,'network_device_vlan','VLAN 100 (Management)',NULL,'2026-05-27 01:58:10'),(997,1461,74,6,'checklist_type','pc',NULL,'2026-05-27 02:15:07'),(998,1462,74,1,'user_operator','a',NULL,'2026-05-27 02:15:07'),(999,1463,74,130,'college_office_id','83',NULL,'2026-05-27 02:15:07'),(1000,1464,74,2,'office_college','COLLEGE OF LAW',NULL,'2026-05-27 02:15:07'),(1001,1465,74,131,'department_id','179',NULL,'2026-05-27 02:15:07'),(1002,1466,74,3,'department','MAIN',NULL,'2026-05-27 02:15:07'),(1003,1467,74,9,'equipment_keyboard','1',NULL,'2026-05-27 02:15:07'),(1004,1468,74,5,'checklist_date','2026-05-27',NULL,'2026-05-27 02:15:07'),(1005,1469,74,4,'date_acquired','2026-05-27',NULL,'2026-05-27 02:15:07'),(1006,1470,75,6,'checklist_type','pc',NULL,'2026-05-27 02:39:20'),(1007,1471,75,1,'user_operator','a',NULL,'2026-05-27 02:39:20'),(1008,1472,75,130,'college_office_id','12',NULL,'2026-05-27 02:39:20'),(1009,1473,75,2,'office_college','CENTRAL MINDANAO UNIVERSITY PRESS',NULL,'2026-05-27 02:39:20'),(1010,1474,75,131,'department_id','23',NULL,'2026-05-27 02:39:20'),(1011,1475,75,3,'department','MAIN',NULL,'2026-05-27 02:39:20'),(1012,1476,75,5,'checklist_date','2026-05-27',NULL,'2026-05-27 02:39:20'),(1013,1477,75,4,'date_acquired','2026-05-27',NULL,'2026-05-27 02:39:20'),(1014,1478,76,6,'checklist_type','server',NULL,'2026-05-27 03:44:57'),(1015,1479,76,1,'user_operator','HAHAHA',NULL,'2026-05-27 03:44:57'),(1016,1480,76,130,'college_office_id','1',NULL,'2026-05-27 03:44:57'),(1017,1481,76,2,'office_college','ACCOUNTING UNIT',NULL,'2026-05-27 03:44:57'),(1018,1482,76,131,'department_id','1',NULL,'2026-05-27 03:44:57'),(1019,1483,76,3,'department','MAIN',NULL,'2026-05-27 03:44:57'),(1020,1484,76,5,'checklist_date','2026-05-27',NULL,'2026-05-27 03:44:57'),(1021,1485,76,4,'date_acquired','2026-05-27',NULL,'2026-05-27 03:44:57'),(1022,1494,77,6,'checklist_type','pc',NULL,'2026-05-27 09:57:23'),(1023,1495,77,1,'user_operator','AHAHAHAH',NULL,'2026-05-27 09:57:23'),(1024,1496,77,130,'college_office_id','24',NULL,'2026-05-27 09:57:23'),(1025,1497,77,2,'office_college','COMMISSION OF AUDIT',NULL,'2026-05-27 09:57:23'),(1026,1498,77,131,'department_id','103',NULL,'2026-05-27 09:57:23'),(1027,1499,77,3,'department','MAIN',NULL,'2026-05-27 09:57:23'),(1028,1500,77,5,'checklist_date','2026-05-27',NULL,'2026-05-27 09:57:23'),(1029,1501,77,4,'date_acquired','2026-05-27',NULL,'2026-05-27 09:57:23'),(1030,1502,78,1,'user_operator','John Doe',NULL,'2026-05-27 10:45:30'),(1031,1503,78,2,'office_college','Information Technology',NULL,'2026-05-27 10:45:30'),(1032,1504,78,3,'department','Infrastructure',NULL,'2026-05-27 10:45:30'),(1033,1505,78,4,'date_acquired','2023-06-15',NULL,'2026-05-27 10:45:30'),(1034,1506,78,5,'checklist_date','2026-05-27',NULL,'2026-05-27 10:45:30'),(1035,1507,78,6,'checklist_type','pc',NULL,'2026-05-27 10:45:30'),(1036,1508,78,7,'pc_name','Desktop-001',NULL,'2026-05-27 10:45:30'),(1037,1509,78,44,'mac_address','00:1A:2B:3C:4D:5E',NULL,'2026-05-27 10:45:30'),(1038,1510,78,45,'ip_address','192.168.1.100',NULL,'2026-05-27 10:45:30'),(1039,1511,79,1,'user_operator','Jane Smith',NULL,'2026-05-27 10:45:30'),(1040,1512,79,2,'office_college','Infrastructure',NULL,'2026-05-27 10:45:30'),(1041,1513,79,3,'department','Systems',NULL,'2026-05-27 10:45:30'),(1042,1514,79,4,'date_acquired','2022-03-20',NULL,'2026-05-27 10:45:30'),(1043,1515,79,5,'checklist_date','2026-05-27',NULL,'2026-05-27 10:45:30'),(1044,1516,79,6,'checklist_type','server',NULL,'2026-05-27 10:45:30'),(1045,1517,79,7,'pc_name','Server-Web-01',NULL,'2026-05-27 10:45:30'),(1046,1518,79,44,'mac_address','00:1A:2B:3C:4D:5F',NULL,'2026-05-27 10:45:30'),(1047,1519,79,45,'ip_address','192.168.100.50',NULL,'2026-05-27 10:45:30'),(1048,1520,80,1,'user_operator','Robert Johnson',NULL,'2026-05-27 10:45:30'),(1049,1521,80,2,'office_college','Communications',NULL,'2026-05-27 10:45:30'),(1050,1522,80,3,'department','Telecommunications',NULL,'2026-05-27 10:45:30'),(1051,1523,80,4,'date_acquired','2023-01-10',NULL,'2026-05-27 10:45:30'),(1052,1524,80,5,'checklist_date','2026-05-27',NULL,'2026-05-27 10:45:30'),(1053,1525,80,6,'checklist_type','ip_phone',NULL,'2026-05-27 10:45:30'),(1054,1526,80,44,'mac_address','00:25:86:XX:XX:XX',NULL,'2026-05-27 10:45:30'),(1055,1527,80,94,'brand_name','Cisco',NULL,'2026-05-27 10:45:30'),(1056,1528,80,95,'model_name','CP-7841',NULL,'2026-05-27 10:45:30'),(1057,1529,80,96,'serial_number','FCH2410XXXX',NULL,'2026-05-27 10:45:30'),(1058,1530,80,97,'office_located','Building A, Room 302',NULL,'2026-05-27 10:45:30'),(1059,1531,80,98,'ip_address_tagged','192.168.2.30',NULL,'2026-05-27 10:45:30'),(1060,1532,80,99,'vlan','VLAN 20',NULL,'2026-05-27 10:45:30'),(1061,1533,80,100,'telephone_number','+63-88-123456 ext. 302',NULL,'2026-05-27 10:45:30'),(1062,1534,81,1,'user_operator','Michael Brown',NULL,'2026-05-27 10:45:30'),(1063,1535,81,2,'office_college','Infrastructure',NULL,'2026-05-27 10:45:30'),(1064,1536,81,3,'department','Network Operations',NULL,'2026-05-27 10:45:30'),(1065,1537,81,4,'date_acquired','2022-11-05',NULL,'2026-05-27 10:45:30'),(1066,1538,81,5,'checklist_date','2026-05-27',NULL,'2026-05-27 10:45:30'),(1067,1539,81,6,'checklist_type','network_device',NULL,'2026-05-27 10:45:30'),(1068,1540,81,44,'mac_address','00:26:98:XX:XX:XX',NULL,'2026-05-27 10:45:30'),(1069,1541,81,45,'ip_address','192.168.100.10',NULL,'2026-05-27 10:45:30'),(1070,1542,81,46,'network_device_category_type','Managed POE Switch',NULL,'2026-05-27 10:45:30'),(1071,1543,81,47,'network_device_product_name','Cisco Catalyst',NULL,'2026-05-27 10:45:30'),(1072,1544,81,48,'network_device_model_name','C2960X-48TS-L',NULL,'2026-05-27 10:45:30'),(1073,1545,81,49,'network_device_serial','FCW2222XXXX',NULL,'2026-05-27 10:45:30'),(1074,1546,81,50,'network_device_office_location','Building A, Network Room 1',NULL,'2026-05-27 10:45:30'),(1075,1547,81,51,'network_device_vlan','VLAN 100 (Management)',NULL,'2026-05-27 10:45:30'),(1076,1548,82,6,'checklist_type','server',NULL,'2026-05-28 07:01:05'),(1077,1549,82,130,'college_office_id','4',NULL,'2026-05-28 07:01:05'),(1078,1550,82,2,'office_college','BIDS AND AWARD COMMITTEE',NULL,'2026-05-28 07:01:05'),(1079,1551,82,131,'department_id','5',NULL,'2026-05-28 07:01:05'),(1080,1552,82,3,'department','MAIN',NULL,'2026-05-28 07:01:05'),(1081,1553,82,5,'checklist_date','2026-05-28',NULL,'2026-05-28 07:01:05'),(1082,1554,82,4,'date_acquired','2026-05-28',NULL,'2026-05-28 07:01:05');
/*!40000 ALTER TABLE `psm_value_archive` ENABLE KEYS */;
UNLOCK TABLES;

--
-- Table structure for table `psm_variable`
--

DROP TABLE IF EXISTS `psm_variable`;
/*!40101 SET @saved_cs_client     = @@character_set_client */;
/*!40101 SET character_set_client = utf8 */;
CREATE TABLE `psm_variable` (
  `psm_var_id` bigint(20) unsigned NOT NULL AUTO_INCREMENT,
  `psm_id` bigint(20) unsigned NOT NULL,
  `name` varchar(100) NOT NULL,
  `description` text DEFAULT NULL,
  `enabled` tinyint(4) NOT NULL DEFAULT 1,
  `input_type` varchar(50) DEFAULT NULL,
  `created_at` timestamp NOT NULL DEFAULT current_timestamp(),
  PRIMARY KEY (`psm_var_id`),
  KEY `psm_variable_psm_id_foreign` (`psm_id`),
  CONSTRAINT `psm_variable_psm_id_foreign` FOREIGN KEY (`psm_id`) REFERENCES `psm` (`psm_id`) ON DELETE CASCADE ON UPDATE CASCADE
) ENGINE=InnoDB AUTO_INCREMENT=133 DEFAULT CHARSET=utf8mb4 COLLATE=utf8mb4_unicode_ci;
/*!40101 SET character_set_client = @saved_cs_client */;

--
-- Dumping data for table `psm_variable`
--

LOCK TABLES `psm_variable` WRITE;
/*!40000 ALTER TABLE `psm_variable` DISABLE KEYS */;
INSERT INTO `psm_variable` VALUES (1,1,'user_operator','User/Operator',1,'text','2026-04-20 14:47:30'),(2,1,'office_college','Office/College',1,'text','2026-04-20 14:47:30'),(3,1,'department','Department',1,'text','2026-04-20 14:47:30'),(4,1,'date_acquired','Date Acquired',1,'date','2026-04-20 14:47:30'),(5,1,'checklist_date','Date (Checklist)',1,'date','2026-04-20 14:47:30'),(6,1,'checklist_type','Checklist Type',1,'select','2026-04-20 14:47:30'),(7,1,'pc_name','PC Name',1,'text','2026-04-20 14:47:30'),(8,1,'equipment_cpu','CPU',1,'checkbox','2026-04-20 14:47:30'),(9,1,'equipment_keyboard','Keyboard',1,'checkbox','2026-04-20 14:47:30'),(10,1,'equipment_monitor','Monitor',1,'checkbox','2026-04-20 14:47:30'),(11,1,'equipment_mouse','Mouse',1,'checkbox','2026-04-20 14:47:30'),(12,1,'equipment_printer','Printer',1,'checkbox','2026-04-20 14:47:30'),(13,1,'equipment_ups','UPS',1,'checkbox','2026-04-20 14:47:30'),(14,1,'equipment_avr','AVR',1,'checkbox','2026-04-20 14:47:30'),(15,1,'equipment_others','Others',1,'checkbox','2026-04-20 14:47:30'),(16,1,'equipment_others_specify','Others (Specify)',1,'text','2026-04-20 14:47:30'),(17,1,'os_windows_7','Windows 7',1,'checkbox','2026-04-20 14:47:30'),(18,1,'os_windows_8','Windows 8',1,'checkbox','2026-04-20 14:47:30'),(19,1,'os_windows_10','Windows 10',1,'checkbox','2026-04-20 14:47:30'),(20,1,'os_others','OS Others',1,'checkbox','2026-04-20 14:47:30'),(21,1,'os_others_specify','OS Others (Specify)',1,'text','2026-04-20 14:47:30'),(22,1,'software_enrollment','Enrollment System',1,'checkbox','2026-04-20 14:47:30'),(23,1,'software_media_player','Media Player',1,'checkbox','2026-04-20 14:47:30'),(24,1,'software_adobe_reader','Adobe Reader',1,'checkbox','2026-04-20 14:47:30'),(25,1,'software_antivirus','Anti-Virus',1,'checkbox','2026-04-20 14:47:30'),(26,1,'software_word_processor','Word Processor',1,'checkbox','2026-04-20 14:47:30'),(27,1,'software_browser','Browser',1,'checkbox','2026-04-20 14:47:30'),(28,1,'software_others','Software Others',1,'checkbox','2026-04-20 14:47:30'),(29,1,'software_others_specify','Software Others (Specify)',1,'text','2026-04-20 14:47:30'),(30,1,'processor','Processor',1,'text','2026-04-20 14:47:30'),(31,1,'motherboard','Motherboard',1,'text','2026-04-20 14:47:30'),(32,1,'memory','Memory',1,'text','2026-04-20 14:47:30'),(33,1,'graphics_card','Graphics Card',1,'text','2026-04-20 14:47:30'),(34,1,'hard_disk','Hard Disk',1,'text','2026-04-20 14:47:30'),(35,1,'optical_drives','Optical Drives',1,'text','2026-04-20 14:47:30'),(36,1,'monitor','Monitor',1,'text','2026-04-20 14:47:30'),(37,1,'casing','Casing',1,'text','2026-04-20 14:47:30'),(38,1,'power_supply_watts','Power Supply (watts)',1,'text','2026-04-20 14:47:30'),(39,1,'keyboard','Keyboard',1,'text','2026-04-20 14:47:30'),(40,1,'mouse','Mouse',1,'text','2026-04-20 14:47:30'),(41,1,'avr_watts','AVR (watts)',1,'text','2026-04-20 14:47:30'),(42,1,'ups','UPS',1,'text','2026-04-20 14:47:30'),(43,1,'printer','Printer',1,'text','2026-04-20 14:47:30'),(44,1,'mac_address','MAC Address',1,'text','2026-04-20 14:47:30'),(45,1,'ip_address','IP Address',1,'text','2026-04-20 14:47:30'),(46,1,'network_device_category_type','Network Device Category Type',1,'select','2026-04-20 14:47:30'),(47,1,'network_device_product_name','Network Device Product Name',1,'text','2026-04-20 14:47:30'),(48,1,'network_device_model_name','Network Device Model Name',1,'text','2026-04-20 14:47:30'),(49,1,'network_device_serial','Network Device Serial Number',1,'text','2026-04-20 14:47:30'),(50,1,'network_device_office_location','Network Device Office Location',1,'text','2026-04-20 14:47:30'),(51,1,'network_device_vlan','Network Device VLAN',1,'text','2026-04-20 14:47:30'),(52,2,'parent_psm_id','Parent PM submission',1,'hidden','2026-04-20 14:47:30'),(53,2,'maintenance_date','Maintenance Date',1,'date','2026-04-20 14:47:30'),(54,2,'maintenance_month','Maintenance Month',1,'month','2026-04-20 14:47:30'),(55,2,'summary_recommendation','Summary/Recommendation',1,'textarea','2026-04-20 14:47:30'),(56,2,'checked_by','Checked by',1,'text','2026-04-20 14:47:30'),(57,2,'conforme_by','Conforme',1,'text','2026-04-20 14:47:30'),(58,2,'noted_by','Noted by',1,'text','2026-04-20 14:47:30'),(59,2,'item_0','SYSTEM BOOT: Boot system from a cold start. Monitor for errors and speed of entire boot process.',1,'radio','2026-04-20 14:47:30'),(60,2,'item_1','System Log-in: Monitor for errors, monitor log-in script',1,'radio','2026-04-20 14:47:30'),(61,2,'item_2','Network Settings: TCIP/IP or IPX settings are correct.',1,'radio','2026-04-20 14:47:30'),(62,2,'item_3','Network Settings: Domain Name',1,'radio','2026-04-20 14:47:30'),(63,2,'item_4','Network Settings: Security Settings',1,'radio','2026-04-20 14:47:30'),(64,2,'item_5','Network Settings: Client Configurations',1,'radio','2026-04-20 14:47:30'),(65,2,'item_6','Network Settings: Computer Name',1,'radio','2026-04-20 14:47:30'),(66,2,'item_7','Computer Hardware Settings: Verify device manager settings',1,'radio','2026-04-20 14:47:30'),(67,2,'item_8','Computer Hardware Settings: BOIS up-to-date',1,'radio','2026-04-20 14:47:30'),(68,2,'item_9','Computer Hardware Settings: Hard Disk',1,'radio','2026-04-20 14:47:30'),(69,2,'item_10','Computer Hardware Settings: DVD, CD/RW drive firmware up-to-date',1,'radio','2026-04-20 14:47:30'),(70,2,'item_11','Computer Hardware Settings: Memory is OK',1,'radio','2026-04-20 14:47:30'),(71,2,'item_12','Computer Hardware Settings: Laptop: battery run time is normal',1,'radio','2026-04-20 14:47:30'),(72,2,'item_13','Browser/Proxy Settings: Verify proper settings and operation',1,'radio','2026-04-20 14:47:30'),(73,2,'item_14','Proper Software loads: Required software is installed and operating',1,'radio','2026-04-20 14:47:30'),(74,2,'item_15','Viruses and Malware: Anti-Virus installed',1,'radio','2026-04-20 14:47:30'),(75,2,'item_16','Viruses and Malware: Virus scan done',1,'radio','2026-04-20 14:47:30'),(76,2,'item_17','Clearance: Unused software remove',1,'radio','2026-04-20 14:47:30'),(77,2,'item_18','Clearance: Temporary files remove',1,'radio','2026-04-20 14:47:30'),(78,2,'item_19','Clearance: Recycle Bin and Caches emptied',1,'radio','2026-04-20 14:47:30'),(79,2,'item_20','Clearance: Periphery devices clean',1,'radio','2026-04-20 14:47:30'),(80,2,'item_21','Interiors and cleaning: Dust remove',1,'radio','2026-04-20 14:47:30'),(81,2,'item_22','Interiors and cleaning: No loose parts',1,'radio','2026-04-20 14:47:30'),(82,2,'item_23','Interiors and cleaning: Airflow is OK',1,'radio','2026-04-20 14:47:30'),(83,2,'item_24','Interiors and cleaning: Cables unplugged and re-plugged',1,'radio','2026-04-20 14:47:31'),(84,2,'item_25','Interiors and cleaning: Fans are operating',1,'radio','2026-04-20 14:47:31'),(85,2,'item_26','Peripheral devices: Mouse',1,'radio','2026-04-20 14:47:31'),(86,2,'item_27','Peripheral devices: Keyboard',1,'radio','2026-04-20 14:47:31'),(87,2,'item_28','Peripheral devices: Monitor',1,'radio','2026-04-20 14:47:31'),(88,2,'item_29','Peripheral devices: UPS',1,'radio','2026-04-20 14:47:31'),(89,2,'item_30','Peripheral devices: Printer',1,'radio','2026-04-20 14:47:31'),(90,2,'item_31','Peripheral devices: Telephone Extension',1,'radio','2026-04-20 14:47:31'),(91,2,'item_32','Peripheral devices: Fax',1,'radio','2026-04-20 14:47:31'),(92,1,'software_enrollment_system','Enrollment System',1,'checkbox','2026-04-20 14:50:37'),(93,1,'software_anti_virus','Anti-Virus',1,'checkbox','2026-04-20 14:50:37'),(94,1,'brand_name','Brand Name',1,'text','2026-04-20 14:50:37'),(95,1,'model_name','Model Name',1,'text','2026-04-20 14:50:37'),(96,1,'serial_number','Serial Number',1,'text','2026-04-20 14:50:37'),(97,1,'office_located','Location / Office Located',1,'text','2026-04-20 14:50:37'),(98,1,'ip_address_tagged','IP Address Tagged',1,'text','2026-04-20 14:50:37'),(99,1,'vlan','VLAN',1,'text','2026-04-20 14:50:37'),(100,1,'telephone_number','Telephone Number',1,'text','2026-04-20 14:50:37'),(101,1,'network_device_mac_address','MAC Address',1,'text','2026-04-20 15:15:11'),(102,1,'network_device_ip_address','IP Address',1,'text','2026-04-20 15:15:11'),(103,2,'item_33','Security and Access: HTTP/HTTPS access controlled',1,'radio','2026-04-20 15:16:35'),(104,1,'wifi_category_type','Category Type',1,'text','2026-04-29 04:17:17'),(105,1,'wifi_product_name','Product Name',1,'text','2026-04-29 04:17:17'),(106,1,'wifi_model_name','Model Name',1,'text','2026-04-29 04:17:17'),(107,1,'wifi_serial','Serial',1,'text','2026-04-29 04:17:17'),(108,1,'wifi_mac_address','MAC Address',1,'text','2026-04-29 04:17:17'),(109,1,'wifi_office_location','Office Located',1,'text','2026-04-29 04:17:17'),(110,1,'wifi_ip_address','IP Address',1,'text','2026-04-29 04:17:17'),(111,1,'wifi_vlan','VLAN',1,'text','2026-04-29 04:17:17'),(112,1,'wifi_name','WiFi Name',1,'text','2026-04-29 04:17:17'),(113,1,'wifi_password','WiFi Password',1,'text','2026-04-29 04:17:17'),(114,1,'wifi_channel_supported','Channel Supported',1,'text','2026-04-29 04:17:17'),(115,1,'ups_category','Category',1,'text','2026-04-29 05:13:50'),(116,1,'ups_brand_name','Brand Name',1,'text','2026-04-29 05:13:50'),(117,1,'ups_model_name','Model Name',1,'text','2026-04-29 05:13:50'),(118,1,'ups_mac_address','MAC Address',1,'text','2026-04-29 05:13:50'),(119,1,'ups_serial','Serial',1,'text','2026-04-29 05:13:50'),(120,1,'ups_total_power_capacity','Total Power or Capacity',1,'text','2026-04-29 05:13:50'),(121,1,'cctv_category_type','Category Type',1,'text','2026-04-29 05:13:50'),(122,1,'cctv_product_name','Product Name',1,'text','2026-04-29 05:13:50'),(123,1,'cctv_model_name','Model Name',1,'text','2026-04-29 05:13:50'),(124,1,'cctv_serial','Serial',1,'text','2026-04-29 05:13:50'),(125,1,'cctv_mac_address','MAC Address',1,'text','2026-04-29 05:13:50'),(126,1,'cctv_office_location','Office Located',1,'text','2026-04-29 05:13:50'),(127,1,'cctv_ip_address','IP Address',1,'text','2026-04-29 05:13:50'),(128,1,'cctv_vlan','VLAN',1,'text','2026-04-29 05:13:50'),(129,1,'maintenance_photo','Maintenance Photo',1,'file','2026-05-14 07:10:25'),(130,1,'college_office_id','College/Office ID',1,'hidden','2026-05-18 05:24:46'),(131,1,'department_id','Department ID',1,'hidden','2026-05-18 05:24:46'),(132,2,'commission_status','Commission Status',1,'select','2026-05-19 03:05:33');
/*!40000 ALTER TABLE `psm_variable` ENABLE KEYS */;
UNLOCK TABLES;

--
-- Table structure for table `server_item_checklist_items`
--

DROP TABLE IF EXISTS `server_item_checklist_items`;
/*!40101 SET @saved_cs_client     = @@character_set_client */;
/*!40101 SET character_set_client = utf8 */;
CREATE TABLE `server_item_checklist_items` (
  `id` bigint(20) unsigned NOT NULL AUTO_INCREMENT,
  `item_no` int(11) NOT NULL,
  `task` varchar(255) NOT NULL,
  `description` text NOT NULL,
  `enabled` tinyint(1) NOT NULL DEFAULT 1,
  `sort_order` int(11) NOT NULL DEFAULT 0,
  `created_at` timestamp NULL DEFAULT NULL,
  `updated_at` timestamp NULL DEFAULT NULL,
  PRIMARY KEY (`id`),
  KEY `server_item_checklist_items_enabled_sort_idx` (`enabled`,`item_no`,`sort_order`)
) ENGINE=InnoDB AUTO_INCREMENT=30 DEFAULT CHARSET=utf8mb4 COLLATE=utf8mb4_unicode_ci;
/*!40101 SET character_set_client = @saved_cs_client */;

--
-- Dumping data for table `server_item_checklist_items`
--

LOCK TABLES `server_item_checklist_items` WRITE;
/*!40000 ALTER TABLE `server_item_checklist_items` DISABLE KEYS */;
INSERT INTO `server_item_checklist_items` VALUES (1,1,'Data, Software and System checks','Check backups are working',1,0,'2026-04-21 03:56:27','2026-04-21 03:56:27'),(2,1,'Data, Software and System checks','Check and update OS',1,1,'2026-04-21 03:56:27','2026-04-21 03:56:27'),(3,1,'Data, Software and System checks','Update your control panel',1,2,'2026-04-21 03:56:27','2026-04-21 03:56:27'),(4,1,'Data, Software and System checks','Check and update applications',1,3,'2026-04-21 03:56:27','2026-04-21 03:56:27'),(5,1,'Data, Software and System checks','Check remote management tools',1,4,'2026-04-21 03:56:27','2026-04-21 03:56:27'),(6,1,'Data, Software and System checks','Remote console',1,5,'2026-04-21 03:56:27','2026-04-21 03:56:27'),(7,1,'Data, Software and System checks','Remote reboot',1,6,'2026-04-21 03:56:27','2026-04-21 03:56:27'),(8,1,'Data, Software and System checks','Rescue mode',1,7,'2026-04-21 03:56:27','2026-04-21 03:56:27'),(9,1,'Data, Software and System checks','Check server usage',1,8,'2026-04-21 03:56:27','2026-04-21 03:56:27'),(10,1,'Data, Software and System checks','Disk',1,9,'2026-04-21 03:56:27','2026-04-21 03:56:27'),(11,1,'Data, Software and System checks','CPU',1,10,'2026-04-21 03:56:27','2026-04-21 03:56:27'),(12,1,'Data, Software and System checks','RAM',1,11,'2026-04-21 03:56:27','2026-04-21 03:56:27'),(13,1,'Data, Software and System checks','Network',1,12,'2026-04-21 03:56:27','2026-04-21 03:56:27'),(14,1,'Data, Software and System checks','Review user accounts',1,13,'2026-04-21 03:56:27','2026-04-21 03:56:27'),(15,1,'Data, Software and System checks','Free up server storage space',1,14,'2026-04-21 03:56:27','2026-04-21 03:56:27'),(16,2,'Security Checks','Change server passwords',1,15,'2026-04-21 03:56:27','2026-04-21 03:56:27'),(17,2,'Security Checks','Firewall installed',1,16,'2026-04-21 03:56:27','2026-04-21 03:56:27'),(18,2,'Security Checks','Perform a server malware scan',1,17,'2026-04-21 03:56:27','2026-04-21 03:56:27'),(19,3,'Hardware Checks','Check fans and power supplies',1,18,'2026-04-21 03:56:27','2026-04-21 03:56:27'),(20,3,'Hardware Checks','Check RAID fault tolerance',1,19,'2026-04-21 03:56:27','2026-04-21 03:56:27'),(21,3,'Hardware Checks','Check for disk read errors',1,20,'2026-04-21 03:56:27','2026-04-21 03:56:27'),(22,3,'Hardware Checks','Perform all driver, controller firmware, and storage management application updates',1,21,'2026-04-21 03:56:27','2026-04-21 03:56:27'),(23,3,'Hardware Checks','Run system consistency check',1,22,'2026-04-21 03:56:27','2026-04-21 03:56:27'),(24,3,'Hardware Checks','Replace any drives that have failed or are showing signs of failing',1,23,'2026-04-21 03:56:27','2026-04-21 03:56:27'),(25,3,'Hardware Checks','Check cable integrity',1,24,'2026-04-21 03:56:27','2026-04-21 03:56:27'),(26,3,'Hardware Checks','Cables are securely fixed at each connection point',1,25,'2026-04-21 03:56:27','2026-04-21 03:56:27'),(27,3,'Hardware Checks','Cables are not twisted or under unnecessary strain',1,26,'2026-04-21 03:56:27','2026-04-21 03:56:27'),(28,3,'Hardware Checks','Cables are all in good condition',1,27,'2026-04-21 03:56:27','2026-04-21 03:56:27'),(29,3,'Hardware Checks','Check A/C unit at the facility',1,28,'2026-04-21 03:56:27','2026-04-21 03:56:27');
/*!40000 ALTER TABLE `server_item_checklist_items` ENABLE KEYS */;
UNLOCK TABLES;

--
-- Table structure for table `software_applications`
--

DROP TABLE IF EXISTS `software_applications`;
/*!40101 SET @saved_cs_client     = @@character_set_client */;
/*!40101 SET character_set_client = utf8 */;
CREATE TABLE `software_applications` (
  `id` bigint(20) unsigned NOT NULL AUTO_INCREMENT,
  `name` varchar(255) NOT NULL,
  `description` text DEFAULT NULL,
  `enabled` tinyint(1) NOT NULL DEFAULT 1,
  `sort_order` int(11) NOT NULL DEFAULT 0,
  `created_at` timestamp NULL DEFAULT NULL,
  `updated_at` timestamp NULL DEFAULT NULL,
  PRIMARY KEY (`id`),
  UNIQUE KEY `software_applications_name_unique` (`name`)
) ENGINE=InnoDB AUTO_INCREMENT=7 DEFAULT CHARSET=utf8mb4 COLLATE=utf8mb4_unicode_ci;
/*!40101 SET character_set_client = @saved_cs_client */;

--
-- Dumping data for table `software_applications`
--

LOCK TABLES `software_applications` WRITE;
/*!40000 ALTER TABLE `software_applications` DISABLE KEYS */;
INSERT INTO `software_applications` VALUES (1,'Enrollment System',NULL,1,1,'2026-04-20 14:47:30','2026-04-20 14:47:30'),(2,'Media Player',NULL,1,2,'2026-04-20 14:47:30','2026-04-20 14:47:30'),(3,'Adobe Reader',NULL,1,3,'2026-04-20 14:47:30','2026-04-20 14:47:30'),(4,'Anti-Virus',NULL,1,4,'2026-04-20 14:47:30','2026-04-20 14:47:30'),(5,'Word Processor',NULL,1,5,'2026-04-20 14:47:30','2026-04-20 14:47:30'),(6,'Browser',NULL,1,6,'2026-04-20 14:47:30','2026-04-20 14:47:30');
/*!40000 ALTER TABLE `software_applications` ENABLE KEYS */;
UNLOCK TABLES;

--
-- Table structure for table `specification_categories`
--

DROP TABLE IF EXISTS `specification_categories`;
/*!40101 SET @saved_cs_client     = @@character_set_client */;
/*!40101 SET character_set_client = utf8 */;
CREATE TABLE `specification_categories` (
  `id` bigint(20) unsigned NOT NULL AUTO_INCREMENT,
  `name` varchar(255) NOT NULL,
  `label` varchar(255) NOT NULL,
  `description` text DEFAULT NULL,
  `category_type` varchar(255) NOT NULL,
  `enabled` tinyint(1) NOT NULL DEFAULT 1,
  `sort_order` int(11) NOT NULL DEFAULT 0,
  `created_at` timestamp NULL DEFAULT NULL,
  `updated_at` timestamp NULL DEFAULT NULL,
  PRIMARY KEY (`id`),
  UNIQUE KEY `specification_categories_name_unique` (`name`)
) ENGINE=InnoDB AUTO_INCREMENT=5 DEFAULT CHARSET=utf8mb4 COLLATE=utf8mb4_unicode_ci;
/*!40101 SET character_set_client = @saved_cs_client */;

--
-- Dumping data for table `specification_categories`
--

LOCK TABLES `specification_categories` WRITE;
/*!40000 ALTER TABLE `specification_categories` DISABLE KEYS */;
INSERT INTO `specification_categories` VALUES (1,'equipment_installed','Equipment Installed',NULL,'equipment',1,1,'2026-04-20 14:47:30','2026-04-20 14:47:30'),(2,'operating_system_installed','Operating System Installed',NULL,'operating_system',1,2,'2026-04-20 14:47:30','2026-04-20 14:47:30'),(3,'software_applications_installed','Software/Applications Installed',NULL,'software',1,3,'2026-04-20 14:47:30','2026-04-20 14:47:30'),(4,'desktop_laptop_specifications','Desktop/Laptop Specifications',NULL,'specification',1,4,'2026-04-20 14:47:30','2026-04-20 14:47:30');
/*!40000 ALTER TABLE `specification_categories` ENABLE KEYS */;
UNLOCK TABLES;

--
-- Table structure for table `specification_fields`
--

DROP TABLE IF EXISTS `specification_fields`;
/*!40101 SET @saved_cs_client     = @@character_set_client */;
/*!40101 SET character_set_client = utf8 */;
CREATE TABLE `specification_fields` (
  `id` bigint(20) unsigned NOT NULL AUTO_INCREMENT,
  `name` varchar(255) NOT NULL,
  `label` varchar(255) NOT NULL,
  `description` text DEFAULT NULL,
  `input_type` varchar(255) NOT NULL DEFAULT 'text',
  `placeholder` varchar(255) DEFAULT NULL,
  `enabled` tinyint(1) NOT NULL DEFAULT 1,
  `sort_order` int(11) NOT NULL DEFAULT 0,
  `created_at` timestamp NULL DEFAULT NULL,
  `updated_at` timestamp NULL DEFAULT NULL,
  PRIMARY KEY (`id`),
  UNIQUE KEY `specification_fields_name_unique` (`name`)
) ENGINE=InnoDB AUTO_INCREMENT=17 DEFAULT CHARSET=utf8mb4 COLLATE=utf8mb4_unicode_ci;
/*!40101 SET character_set_client = @saved_cs_client */;

--
-- Dumping data for table `specification_fields`
--

LOCK TABLES `specification_fields` WRITE;
/*!40000 ALTER TABLE `specification_fields` DISABLE KEYS */;
INSERT INTO `specification_fields` VALUES (1,'processor','Processor',NULL,'text',NULL,1,1,'2026-04-20 14:47:30','2026-04-20 14:47:30'),(2,'motherboard','Motherboard',NULL,'text',NULL,1,2,'2026-04-20 14:47:30','2026-04-20 14:47:30'),(3,'memory','Memory',NULL,'text',NULL,1,3,'2026-04-20 14:47:30','2026-04-20 14:47:30'),(4,'graphics_card','Graphics Card',NULL,'text',NULL,1,4,'2026-04-20 14:47:30','2026-04-20 14:47:30'),(5,'hard_disk','Hard Disk',NULL,'text',NULL,1,5,'2026-04-20 14:47:30','2026-04-20 14:47:30'),(6,'optical_drives','Optical Drives',NULL,'text','e.g. No optical disk drives detected',1,6,'2026-04-20 14:47:30','2026-04-20 14:47:30'),(7,'monitor','Monitor',NULL,'text',NULL,1,7,'2026-04-20 14:47:30','2026-04-20 14:47:30'),(8,'casing','Casing',NULL,'text',NULL,1,8,'2026-04-20 14:47:30','2026-04-20 14:47:30'),(9,'power_supply_watts','Power Supply (watts)',NULL,'text',NULL,1,9,'2026-04-20 14:47:30','2026-04-20 14:47:30'),(10,'keyboard','Keyboard',NULL,'text',NULL,1,10,'2026-04-20 14:47:30','2026-04-20 14:47:30'),(11,'mouse','Mouse',NULL,'text',NULL,1,11,'2026-04-20 14:47:30','2026-04-20 14:47:30'),(12,'avr_watts','AVR (watts)',NULL,'text',NULL,1,12,'2026-04-20 14:47:30','2026-04-20 14:47:30'),(13,'ups','UPS',NULL,'text',NULL,1,13,'2026-04-20 14:47:30','2026-04-20 14:47:30'),(14,'printer','Printer',NULL,'text',NULL,1,14,'2026-04-20 14:47:30','2026-04-20 14:47:30'),(15,'mac_address','MAC Address',NULL,'text',NULL,1,15,'2026-04-20 14:47:30','2026-04-20 14:47:30'),(16,'ip_address','IP Address',NULL,'text',NULL,1,16,'2026-04-20 14:47:30','2026-04-20 14:47:30');
/*!40000 ALTER TABLE `specification_fields` ENABLE KEYS */;
UNLOCK TABLES;

--
-- Table structure for table `users`
--

DROP TABLE IF EXISTS `users`;
/*!40101 SET @saved_cs_client     = @@character_set_client */;
/*!40101 SET character_set_client = utf8 */;
CREATE TABLE `users` (
  `id` bigint(20) unsigned NOT NULL AUTO_INCREMENT,
  `name` varchar(255) NOT NULL,
  `email` varchar(255) NOT NULL,
  `email_verified_at` timestamp NULL DEFAULT NULL,
  `password` varchar(255) NOT NULL,
  `role` varchar(20) NOT NULL DEFAULT 'encoder',
  `is_active` tinyint(1) NOT NULL DEFAULT 1,
  `remember_token` varchar(100) DEFAULT NULL,
  `created_at` timestamp NULL DEFAULT NULL,
  `updated_at` timestamp NULL DEFAULT NULL,
  PRIMARY KEY (`id`),
  UNIQUE KEY `users_email_unique` (`email`),
  KEY `users_role_index` (`role`),
  KEY `users_is_active_index` (`is_active`)
) ENGINE=InnoDB AUTO_INCREMENT=5 DEFAULT CHARSET=utf8mb4 COLLATE=utf8mb4_unicode_ci;
/*!40101 SET character_set_client = @saved_cs_client */;

--
-- Dumping data for table `users`
--

LOCK TABLES `users` WRITE;
/*!40000 ALTER TABLE `users` DISABLE KEYS */;
INSERT INTO `users` VALUES (1,'Default Super Admin','superadmin@example.com','2026-05-27 10:45:29','$2y$12$oAe40xqqFQtRyjEUIWzufOTYBb6KS2/C2bJkUiat/rzaZDjUNJ6nu','superadmin',1,NULL,'2026-05-27 01:57:11','2026-05-27 10:45:29'),(2,'Default Admin','admin@example.com','2026-05-27 10:45:30','$2y$12$bCBxBMW5ZniVpuKcRcykqeh0omhoFBXdR.m7PKXtcNQiq6CR4t0Ja','admin',1,NULL,'2026-05-27 01:57:11','2026-05-27 10:45:30'),(3,'Default Encoder','encoder@example.com','2026-05-27 10:45:30','$2y$12$IwtGchiW9i9JBRSYL0r3JuvCLXksUo4DXz9yxgY2CEZDybYqxN.26','encoder',1,NULL,'2026-05-27 01:57:12','2026-05-27 10:45:30'),(4,'John Axl T. Redondo','johnaxlredondo011@gmail.com',NULL,'$2y$12$6dMc0HPFCkwOMdKK9mjbJe1SlGUeZvY/h.6O0tn4rkfUNjqVRaFUG','encoder',1,NULL,'2026-05-27 03:46:40','2026-05-27 03:46:40');
/*!40000 ALTER TABLE `users` ENABLE KEYS */;
UNLOCK TABLES;
/*!40103 SET TIME_ZONE=@OLD_TIME_ZONE */;

/*!40101 SET SQL_MODE=@OLD_SQL_MODE */;
/*!40014 SET FOREIGN_KEY_CHECKS=@OLD_FOREIGN_KEY_CHECKS */;
/*!40014 SET UNIQUE_CHECKS=@OLD_UNIQUE_CHECKS */;
/*!40101 SET CHARACTER_SET_CLIENT=@OLD_CHARACTER_SET_CLIENT */;
/*!40101 SET CHARACTER_SET_RESULTS=@OLD_CHARACTER_SET_RESULTS */;
/*!40101 SET COLLATION_CONNECTION=@OLD_COLLATION_CONNECTION */;
/*!40111 SET SQL_NOTES=@OLD_SQL_NOTES */;

-- Dump completed on 2026-05-28 15:16:34
